fn,L,rho0,kd,ap,nu1,gamma,kp,zetatot,zetap,zetap2,zetarho,M,seed,dx,dtmax,Ndefects,epsi,Rad,g2,g3,g4,g5,g6,theta2,theta3,theta4,theta5,theta6
1,10.0,0.4,0.01,0.1,0.0,1.0,0.0001,4.0,0.0,0.0,1.0,0.0001,1.0,0.01,0.01,0.0,0.34062094982413516,NaN,NaN,NaN,NaN,NaN,NaN,NaN,NaN,NaN,NaN,NaN
2,10.0,0.5,0.01,0.1,0.0,1.0,0.0001,4.0,0.0,0.0,1.0,0.0001,1.0,0.01,0.01,0.0,0.43386928430444166,NaN,NaN,NaN,NaN,NaN,NaN,NaN,NaN,NaN,NaN,NaN
3,10.0,0.6,0.01,0.1,0.0,1.0,0.0001,4.0,0.0,0.0,1.0,0.0001,1.0,0.01,0.01,0.0,0.48135903479896225,NaN,NaN,NaN,NaN,NaN,NaN,NaN,NaN,NaN,NaN,NaN
4,10.0,0.7,0.01,0.1,0.0,1.0,0.0001,4.0,0.0,0.0,1.0,0.0001,1.0,0.01,0.01,0.0,0.5566526901651995,NaN,NaN,NaN,NaN,NaN,NaN,NaN,NaN,NaN,NaN,NaN
5,10.0,0.8,0.01,0.1,0.0,1.0,0.0001,4.0,0.0,0.0,1.0,0.0001,1.0,0.01,0.01,0.0,0.6352006907010725,NaN,NaN,NaN,NaN,NaN,NaN,NaN,NaN,NaN,NaN,NaN
6,10.0,0.9,0.01,0.1,0.0,1.0,0.0001,4.0,0.0,0.0,1.0,0.0001,1.0,0.01,0.01,0.0,1.726729870199506e-12,NaN,NaN,NaN,NaN,NaN,NaN,NaN,NaN,NaN,NaN,NaN
7,10.0,1.0,0.01,0.1,0.0,1.0,0.0001,4.0,0.0,0.0,1.0,0.0001,1.0,0.01,0.01,0.0,1.3322676295501878e-14,NaN,NaN,NaN,NaN,NaN,NaN,NaN,NaN,NaN,NaN,NaN
8,10.0,1.1,0.01,0.1,0.0,1.0,0.0001,4.0,0.0,0.0,1.0,0.0001,1.0,0.01,0.01,0.0,-6.661338147750939e-16,NaN,NaN,NaN,NaN,NaN,NaN,NaN,NaN,NaN,NaN,NaN
9,10.0,1.2,0.01,0.1,0.0,1.0,0.0001,4.0,0.0,0.0,1.0,0.0001,1.0,0.01,0.01,0.0,1.7763568394002505e-15,NaN,NaN,NaN,NaN,NaN,NaN,NaN,NaN,NaN,NaN,NaN
10,10.0,1.3,0.01,0.1,0.0,1.0,0.0001,4.0,0.0,0.0,1.0,0.0001,1.0,0.01,0.01,0.0,-1.9984014443252818e-15,NaN,NaN,NaN,NaN,NaN,NaN,NaN,NaN,NaN,NaN,NaN
11,10.0,1.4,0.01,0.1,0.0,1.0,0.0001,4.0,0.0,0.0,1.0,0.0001,1.0,0.01,0.01,0.0,3.1086244689504383e-15,NaN,NaN,NaN,NaN,NaN,NaN,NaN,NaN,NaN,NaN,NaN
12,10.0,1.5,0.01,0.1,0.0,1.0,0.0001,4.0,0.0,0.0,1.0,0.0001,1.0,0.01,0.01,0.0,6.661338147750939e-16,NaN,NaN,NaN,NaN,NaN,NaN,NaN,NaN,NaN,NaN,NaN
13,10.0,0.4,0.1,0.1,0.0,1.0,0.0001,4.0,0.0,0.0,1.0,0.0001,1.0,0.01,0.01,0.0,0.104241010602871,NaN,NaN,NaN,NaN,NaN,NaN,NaN,NaN,NaN,NaN,NaN
14,10.0,0.5,0.1,0.1,0.0,1.0,0.0001,4.0,0.0,0.0,1.0,0.0001,1.0,0.01,0.01,0.0,0.1885730611461477,NaN,NaN,NaN,NaN,NaN,NaN,NaN,NaN,NaN,NaN,NaN
15,10.0,0.6,0.1,0.1,0.0,1.0,0.0001,4.0,0.0,0.0,1.0,0.0001,1.0,0.01,0.01,0.0,0.2507572942805512,NaN,NaN,NaN,NaN,NaN,NaN,NaN,NaN,NaN,NaN,NaN
16,10.0,0.7,0.1,0.1,0.0,1.0,0.0001,4.0,0.0,0.0,1.0,0.0001,1.0,0.01,0.01,0.0,0.3210625757340364,NaN,NaN,NaN,NaN,NaN,NaN,NaN,NaN,NaN,NaN,NaN
17,10.0,0.8,0.1,0.1,0.0,1.0,0.0001,4.0,0.0,0.0,1.0,0.0001,1.0,0.01,0.01,0.0,0.39530383159968024,NaN,NaN,NaN,NaN,NaN,NaN,NaN,NaN,NaN,NaN,NaN
18,10.0,0.9,0.1,0.1,0.0,1.0,0.0001,4.0,0.0,0.0,1.0,0.0001,1.0,0.01,0.01,6.0,0.05437301593090327,NaN,NaN,NaN,NaN,NaN,NaN,NaN,NaN,NaN,NaN,NaN
19,10.0,1.0,0.1,0.1,0.0,1.0,0.0001,4.0,0.0,0.0,1.0,0.0001,1.0,0.01,0.01,0.0,3.108624468950438e-14,NaN,NaN,NaN,NaN,NaN,NaN,NaN,NaN,NaN,NaN,NaN
20,10.0,1.1,0.1,0.1,0.0,1.0,0.0001,4.0,0.0,0.0,1.0,0.0001,1.0,0.01,0.01,0.0,-6.661338147750939e-16,NaN,NaN,NaN,NaN,NaN,NaN,NaN,NaN,NaN,NaN,NaN
21,10.0,1.2,0.1,0.1,0.0,1.0,0.0001,4.0,0.0,0.0,1.0,0.0001,1.0,0.01,0.01,0.0,2.4424906541753444e-15,NaN,NaN,NaN,NaN,NaN,NaN,NaN,NaN,NaN,NaN,NaN
22,10.0,1.3,0.1,0.1,0.0,1.0,0.0001,4.0,0.0,0.0,1.0,0.0001,1.0,0.01,0.01,0.0,-6.661338147750939e-16,NaN,NaN,NaN,NaN,NaN,NaN,NaN,NaN,NaN,NaN,NaN
23,10.0,1.4,0.1,0.1,0.0,1.0,0.0001,4.0,0.0,0.0,1.0,0.0001,1.0,0.01,0.01,0.0,1.9984014443252818e-15,NaN,NaN,NaN,NaN,NaN,NaN,NaN,NaN,NaN,NaN,NaN
24,10.0,1.5,0.1,0.1,0.0,1.0,0.0001,4.0,0.0,0.0,1.0,0.0001,1.0,0.01,0.01,0.0,0.0,NaN,NaN,NaN,NaN,NaN,NaN,NaN,NaN,NaN,NaN,NaN
25,10.0,0.4,0.2,0.1,0.0,1.0,0.0001,4.0,0.0,0.0,1.0,0.0001,1.0,0.01,0.01,203.0,0.04563816959410666,NaN,NaN,NaN,NaN,NaN,NaN,NaN,NaN,NaN,NaN,NaN
26,10.0,0.5,0.2,0.1,0.0,1.0,0.0001,4.0,0.0,0.0,1.0,0.0001,1.0,0.01,0.01,8.0,0.09283417760051255,NaN,NaN,NaN,NaN,NaN,NaN,NaN,NaN,NaN,NaN,NaN
27,10.0,0.6,0.2,0.1,0.0,1.0,0.0001,4.0,0.0,0.0,1.0,0.0001,1.0,0.01,0.01,0.0,0.15979557662498756,NaN,NaN,NaN,NaN,NaN,NaN,NaN,NaN,NaN,NaN,NaN
28,10.0,0.7,0.2,0.1,0.0,1.0,0.0001,4.0,0.0,0.0,1.0,0.0001,1.0,0.01,0.01,27.0,0.1463268439506924,NaN,NaN,NaN,NaN,NaN,NaN,NaN,NaN,NaN,NaN,NaN
29,10.0,0.8,0.2,0.1,0.0,1.0,0.0001,4.0,0.0,0.0,1.0,0.0001,1.0,0.01,0.01,224.0,0.08016375803129028,NaN,NaN,NaN,NaN,NaN,NaN,NaN,NaN,NaN,NaN,NaN
30,10.0,0.9,0.2,0.1,0.0,1.0,0.0001,4.0,0.0,0.0,1.0,0.0001,1.0,0.01,0.01,14.0,0.04827912447227056,NaN,NaN,NaN,NaN,NaN,NaN,NaN,NaN,NaN,NaN,NaN
31,10.0,1.0,0.2,0.1,0.0,1.0,0.0001,4.0,0.0,0.0,1.0,0.0001,1.0,0.01,0.01,0.0,1.3569145806968663e-12,NaN,NaN,NaN,NaN,NaN,NaN,NaN,NaN,NaN,NaN,NaN
32,10.0,1.1,0.2,0.1,0.0,1.0,0.0001,4.0,0.0,0.0,1.0,0.0001,1.0,0.01,0.01,0.0,-4.440892098500626e-16,NaN,NaN,NaN,NaN,NaN,NaN,NaN,NaN,NaN,NaN,NaN
33,10.0,1.2,0.2,0.1,0.0,1.0,0.0001,4.0,0.0,0.0,1.0,0.0001,1.0,0.01,0.01,0.0,2.4424906541753444e-15,NaN,NaN,NaN,NaN,NaN,NaN,NaN,NaN,NaN,NaN,NaN
34,10.0,1.3,0.2,0.1,0.0,1.0,0.0001,4.0,0.0,0.0,1.0,0.0001,1.0,0.01,0.01,0.0,-6.661338147750939e-16,NaN,NaN,NaN,NaN,NaN,NaN,NaN,NaN,NaN,NaN,NaN
35,10.0,1.4,0.2,0.1,0.0,1.0,0.0001,4.0,0.0,0.0,1.0,0.0001,1.0,0.01,0.01,0.0,2.6645352591003757e-15,NaN,NaN,NaN,NaN,NaN,NaN,NaN,NaN,NaN,NaN,NaN
36,10.0,1.5,0.2,0.1,0.0,1.0,0.0001,4.0,0.0,0.0,1.0,0.0001,1.0,0.01,0.01,0.0,0.0,NaN,NaN,NaN,NaN,NaN,NaN,NaN,NaN,NaN,NaN,NaN
37,10.0,0.4,0.4,0.1,0.0,1.0,0.0001,4.0,0.0,0.0,1.0,0.0001,1.0,0.01,0.01,280.0,0.01625754302362148,NaN,NaN,NaN,NaN,NaN,NaN,NaN,NaN,NaN,NaN,NaN
38,10.0,0.5,0.4,0.1,0.0,1.0,0.0001,4.0,0.0,0.0,1.0,0.0001,1.0,0.01,0.01,300.0,0.032556574939619,NaN,NaN,NaN,NaN,NaN,NaN,NaN,NaN,NaN,NaN,NaN
39,10.0,0.6,0.4,0.1,0.0,1.0,0.0001,4.0,0.0,0.0,1.0,0.0001,1.0,0.01,0.01,302.0,0.05372447189509355,NaN,NaN,NaN,NaN,NaN,NaN,NaN,NaN,NaN,NaN,NaN
40,10.0,0.7,0.4,0.1,0.0,1.0,0.0001,4.0,0.0,0.0,1.0,0.0001,1.0,0.01,0.01,276.0,0.06151273557615644,NaN,NaN,NaN,NaN,NaN,NaN,NaN,NaN,NaN,NaN,NaN
41,10.0,0.8,0.4,0.1,0.0,1.0,0.0001,4.0,0.0,0.0,1.0,0.0001,1.0,0.01,0.01,236.0,0.050557996060675015,NaN,NaN,NaN,NaN,NaN,NaN,NaN,NaN,NaN,NaN,NaN
42,10.0,0.9,0.4,0.1,0.0,1.0,0.0001,4.0,0.0,0.0,1.0,0.0001,1.0,0.01,0.01,68.0,0.039537875458586336,NaN,NaN,NaN,NaN,NaN,NaN,NaN,NaN,NaN,NaN,NaN
43,10.0,1.0,0.4,0.1,0.0,1.0,0.0001,4.0,0.0,0.0,1.0,0.0001,1.0,0.01,0.01,8.0,0.031015951162443933,NaN,NaN,NaN,NaN,NaN,NaN,NaN,NaN,NaN,NaN,NaN
44,10.0,1.1,0.4,0.1,0.0,1.0,0.0001,4.0,0.0,0.0,1.0,0.0001,1.0,0.01,0.01,0.0,1.2878587085651816e-14,NaN,NaN,NaN,NaN,NaN,NaN,NaN,NaN,NaN,NaN,NaN
45,10.0,1.2,0.4,0.1,0.0,1.0,0.0001,4.0,0.0,0.0,1.0,0.0001,1.0,0.01,0.01,0.0,1.9984014443252818e-15,NaN,NaN,NaN,NaN,NaN,NaN,NaN,NaN,NaN,NaN,NaN
46,10.0,1.3,0.4,0.1,0.0,1.0,0.0001,4.0,0.0,0.0,1.0,0.0001,1.0,0.01,0.01,0.0,-1.5543122344752192e-15,NaN,NaN,NaN,NaN,NaN,NaN,NaN,NaN,NaN,NaN,NaN
47,10.0,1.4,0.4,0.1,0.0,1.0,0.0001,4.0,0.0,0.0,1.0,0.0001,1.0,0.01,0.01,0.0,2.6645352591003757e-15,NaN,NaN,NaN,NaN,NaN,NaN,NaN,NaN,NaN,NaN,NaN
48,10.0,1.5,0.4,0.1,0.0,1.0,0.0001,4.0,0.0,0.0,1.0,0.0001,1.0,0.01,0.01,0.0,2.220446049250313e-16,NaN,NaN,NaN,NaN,NaN,NaN,NaN,NaN,NaN,NaN,NaN
49,10.0,1.0,0.6,0.1,0.0,1.0,0.0001,4.0,0.0,0.0,1.0,0.0001,1.0,0.01,0.01,30.0,0.028300840634962632,NaN,NaN,NaN,NaN,NaN,NaN,NaN,NaN,NaN,NaN,NaN
50,10.0,1.1,0.6,0.1,0.0,1.0,0.0001,4.0,0.0,0.0,1.0,0.0001,1.0,0.01,0.01,8.0,0.02355955507847285,NaN,NaN,NaN,NaN,NaN,NaN,NaN,NaN,NaN,NaN,NaN
51,10.0,1.2,0.6,0.1,0.0,1.0,0.0001,4.0,0.0,0.0,1.0,0.0001,1.0,0.01,0.01,0.0,2.220446049250313e-15,NaN,NaN,NaN,NaN,NaN,NaN,NaN,NaN,NaN,NaN,NaN
52,10.0,1.3,0.6,0.1,0.0,1.0,0.0001,4.0,0.0,0.0,1.0,0.0001,1.0,0.01,0.01,0.0,-1.5543122344752192e-15,NaN,NaN,NaN,NaN,NaN,NaN,NaN,NaN,NaN,NaN,NaN
53,10.0,1.4,0.6,0.1,0.0,1.0,0.0001,4.0,0.0,0.0,1.0,0.0001,1.0,0.01,0.01,0.0,1.7763568394002505e-15,NaN,NaN,NaN,NaN,NaN,NaN,NaN,NaN,NaN,NaN,NaN
54,10.0,1.5,0.6,0.1,0.0,1.0,0.0001,4.0,0.0,0.0,1.0,0.0001,1.0,0.01,0.01,0.0,4.440892098500626e-16,NaN,NaN,NaN,NaN,NaN,NaN,NaN,NaN,NaN,NaN,NaN
55,10.0,1.0,0.8,0.1,0.0,1.0,0.0001,4.0,0.0,0.0,1.0,0.0001,1.0,0.01,0.01,46.0,0.026066465274282136,NaN,NaN,NaN,NaN,NaN,NaN,NaN,NaN,NaN,NaN,NaN
56,10.0,1.1,0.8,0.1,0.0,1.0,0.0001,4.0,0.0,0.0,1.0,0.0001,1.0,0.01,0.01,8.0,0.022470215601746224,NaN,NaN,NaN,NaN,NaN,NaN,NaN,NaN,NaN,NaN,NaN
57,10.0,1.2,0.8,0.1,0.0,1.0,0.0001,4.0,0.0,0.0,1.0,0.0001,1.0,0.01,0.01,4.0,0.019327582795696907,NaN,NaN,NaN,NaN,NaN,NaN,NaN,NaN,NaN,NaN,NaN
58,10.0,1.3,0.8,0.1,0.0,1.0,0.0001,4.0,0.0,0.0,1.0,0.0001,1.0,0.01,0.01,0.0,-1.5543122344752192e-15,NaN,NaN,NaN,NaN,NaN,NaN,NaN,NaN,NaN,NaN,NaN
59,10.0,1.4,0.8,0.1,0.0,1.0,0.0001,4.0,0.0,0.0,1.0,0.0001,1.0,0.01,0.01,0.0,1.7763568394002505e-15,NaN,NaN,NaN,NaN,NaN,NaN,NaN,NaN,NaN,NaN,NaN
60,10.0,1.5,0.8,0.1,0.0,1.0,0.0001,4.0,0.0,0.0,1.0,0.0001,1.0,0.01,0.01,0.0,4.440892098500626e-16,NaN,NaN,NaN,NaN,NaN,NaN,NaN,NaN,NaN,NaN,NaN
61,10.0,1.0,1.0,0.1,0.0,1.0,0.0001,4.0,0.0,0.0,1.0,0.0001,1.0,0.01,0.01,70.0,0.024150261657344907,NaN,NaN,NaN,NaN,NaN,NaN,NaN,NaN,NaN,NaN,NaN
62,10.0,1.1,1.0,0.1,0.0,1.0,0.0001,4.0,0.0,0.0,1.0,0.0001,1.0,0.01,0.01,16.0,0.021423900836978094,NaN,NaN,NaN,NaN,NaN,NaN,NaN,NaN,NaN,NaN,NaN
63,10.0,1.2,1.0,0.1,0.0,1.0,0.0001,4.0,0.0,0.0,1.0,0.0001,1.0,0.01,0.01,4.0,0.018739323110011252,NaN,NaN,NaN,NaN,NaN,NaN,NaN,NaN,NaN,NaN,NaN
64,10.0,1.3,1.0,0.1,0.0,1.0,0.0001,4.0,0.0,0.0,1.0,0.0001,1.0,0.01,0.01,0.0,-1.3322676295501878e-15,NaN,NaN,NaN,NaN,NaN,NaN,NaN,NaN,NaN,NaN,NaN
65,10.0,1.4,1.0,0.1,0.0,1.0,0.0001,4.0,0.0,0.0,1.0,0.0001,1.0,0.01,0.01,0.0,1.7763568394002505e-15,NaN,NaN,NaN,NaN,NaN,NaN,NaN,NaN,NaN,NaN,NaN
66,10.0,1.5,1.0,0.1,0.0,1.0,0.0001,4.0,0.0,0.0,1.0,0.0001,1.0,0.01,0.01,0.0,4.440892098500626e-16,NaN,NaN,NaN,NaN,NaN,NaN,NaN,NaN,NaN,NaN,NaN
67,10.0,1.0,2.0,0.1,0.0,1.0,0.0001,4.0,0.0,0.0,1.0,0.0001,1.0,0.01,0.01,166.0,0.01772240095737032,NaN,NaN,NaN,NaN,NaN,NaN,NaN,NaN,NaN,NaN,NaN
68,10.0,1.1,2.0,0.1,0.0,1.0,0.0001,4.0,0.0,0.0,1.0,0.0001,1.0,0.01,0.01,76.0,0.01726918320861137,NaN,NaN,NaN,NaN,NaN,NaN,NaN,NaN,NaN,NaN,NaN
69,10.0,1.2,2.0,0.1,0.0,1.0,0.0001,4.0,0.0,0.0,1.0,0.0001,1.0,0.01,0.01,26.0,0.016148249347145205,NaN,NaN,NaN,NaN,NaN,NaN,NaN,NaN,NaN,NaN,NaN
70,10.0,1.3,2.0,0.1,0.0,1.0,0.0001,4.0,0.0,0.0,1.0,0.0001,1.0,0.01,0.01,8.0,0.01484341349122209,NaN,NaN,NaN,NaN,NaN,NaN,NaN,NaN,NaN,NaN,NaN
71,10.0,1.4,2.0,0.1,0.0,1.0,0.0001,4.0,0.0,0.0,1.0,0.0001,1.0,0.01,0.01,0.0,1.8645751609369654e-11,NaN,NaN,NaN,NaN,NaN,NaN,NaN,NaN,NaN,NaN,NaN
72,10.0,1.5,2.0,0.1,0.0,1.0,0.0001,4.0,0.0,0.0,1.0,0.0001,1.0,0.01,0.01,0.0,4.440892098500626e-16,NaN,NaN,NaN,NaN,NaN,NaN,NaN,NaN,NaN,NaN,NaN
73,10.0,1.0,5.0,0.1,0.0,1.0,0.0001,4.0,0.0,0.0,1.0,0.0001,1.0,0.01,0.01,228.0,0.010045235266356811,NaN,NaN,NaN,NaN,NaN,NaN,NaN,NaN,NaN,NaN,NaN
74,10.0,1.1,5.0,0.1,0.0,1.0,0.0001,4.0,0.0,0.0,1.0,0.0001,1.0,0.01,0.01,202.0,0.010967737941675937,NaN,NaN,NaN,NaN,NaN,NaN,NaN,NaN,NaN,NaN,NaN
75,10.0,1.2,5.0,0.1,0.0,1.0,0.0001,4.0,0.0,0.0,1.0,0.0001,1.0,0.01,0.01,130.0,0.011431495038263462,NaN,NaN,NaN,NaN,NaN,NaN,NaN,NaN,NaN,NaN,NaN
76,10.0,1.3,5.0,0.1,0.0,1.0,0.0001,4.0,0.0,0.0,1.0,0.0001,1.0,0.01,0.01,66.0,0.01144657315337283,NaN,NaN,NaN,NaN,NaN,NaN,NaN,NaN,NaN,NaN,NaN
77,10.0,1.4,5.0,0.1,0.0,1.0,0.0001,4.0,0.0,0.0,1.0,0.0001,1.0,0.01,0.01,28.0,0.01113934143903017,NaN,NaN,NaN,NaN,NaN,NaN,NaN,NaN,NaN,NaN,NaN
78,10.0,1.5,5.0,0.1,0.0,1.0,0.0001,4.0,0.0,0.0,1.0,0.0001,1.0,0.01,0.01,8.0,0.01063436503805959,NaN,NaN,NaN,NaN,NaN,NaN,NaN,NaN,NaN,NaN,NaN
79,10.0,1.0,10.0,0.1,0.0,1.0,0.0001,4.0,0.0,0.0,1.0,0.0001,1.0,0.01,0.01,240.0,0.005883794355174499,NaN,NaN,NaN,NaN,NaN,NaN,NaN,NaN,NaN,NaN,NaN
80,10.0,1.1,10.0,0.1,0.0,1.0,0.0001,4.0,0.0,0.0,1.0,0.0001,1.0,0.01,0.01,228.0,0.006908344025989388,NaN,NaN,NaN,NaN,NaN,NaN,NaN,NaN,NaN,NaN,NaN
81,10.0,1.2,10.0,0.1,0.0,1.0,0.0001,4.0,0.0,0.0,1.0,0.0001,1.0,0.01,0.01,216.0,0.007701806395752797,NaN,NaN,NaN,NaN,NaN,NaN,NaN,NaN,NaN,NaN,NaN
82,10.0,1.3,10.0,0.1,0.0,1.0,0.0001,4.0,0.0,0.0,1.0,0.0001,1.0,0.01,0.01,166.0,0.008256578158540862,NaN,NaN,NaN,NaN,NaN,NaN,NaN,NaN,NaN,NaN,NaN
83,10.0,1.4,10.0,0.1,0.0,1.0,0.0001,4.0,0.0,0.0,1.0,0.0001,1.0,0.01,0.01,110.0,0.008561115560758337,NaN,NaN,NaN,NaN,NaN,NaN,NaN,NaN,NaN,NaN,NaN
84,10.0,1.5,10.0,0.1,0.0,1.0,0.0001,4.0,0.0,0.0,1.0,0.0001,1.0,0.01,0.01,60.0,0.008634911693381264,NaN,NaN,NaN,NaN,NaN,NaN,NaN,NaN,NaN,NaN,NaN
