rho0,kd,tauc,pNseg,pmean,pstd,pArea,rNseg,rmean,rstd,rArea,ndefects
0.4,0.01,1.4049710583078228,0,0.0,0.0,0.0,23,5.239104545454546,5.550257093700151,115.2603,0
0.4,0.1,6.343130395056356,0,0.0,0.0,0.0,112,1.156463063063063,0.8628167243424746,128.3674,0
0.4,0.2,6.37489178058044,0,0.0,0.0,0.0,508,0.1825854043392505,0.16666471793849472,92.5708,203
0.4,0.4,541.5369693248523,0,0.0,0.0,0.0,547,0.02546721611721612,0.0018571375668480982,13.905100000000001,280
0.4,0.6,123.55864514201342,0,0.0,0.0,0.0,532,0.01954482109227872,0.0017632267044619821,10.3783,268
0.4,0.8,97.65219001203567,0,0.0,0.0,0.0,535,0.017416666666666664,0.0010836510334173042,9.300499999999998,274
0.4,1.0,261.8170937614757,0,0.0,0.0,0.0,548,0.016196526508226693,0.0007048281950606384,8.8595,282
0.4,2.0,173.7608426890796,0,0.0,0.0,0.0,569,0.014060035211267604,0.0007416588481791981,7.9860999999999995,290
0.4,5.0,140.09295064895915,0,0.0,0.0,0.0,556,0.013122162162162165,0.0007507125440782722,7.282800000000002,282
0.4,10.0,118.71225982364443,0,0.0,0.0,0.0,504,0.013181709741550696,0.0006882215223235722,6.6304,258
0.5,0.01,0.07772667211360218,0,0.0,0.0,0.0,48,2.193276595744681,1.4907173574013703,103.08400000000002,0
0.5,0.1,5.644012045412997,0,0.0,0.0,0.0,84,1.3753891566265057,1.9624897788152065,114.15729999999998,0
0.5,0.2,1.241557608084257,0,0.0,0.0,0.0,165,0.6625536585365853,0.9159102390176962,108.6588,8
0.5,0.4,456.2370709126096,0,0.0,0.0,0.0,601,0.04052766666666669,0.0053650076172774095,24.316600000000015,300
0.5,0.6,80.0482022349682,0,0.0,0.0,0.0,587,0.025611092150170645,0.0024353163332051712,15.008099999999999,295
0.5,0.8,130.43723982185804,0,0.0,0.0,0.0,568,0.021741622574955904,0.002079972524294883,12.327499999999999,288
0.5,1.0,135.49387992374068,0,0.0,0.0,0.0,587,0.019626450511945392,0.0015553601924686057,11.501100000000001,300
0.5,2.0,82.49497181070014,0,0.0,0.0,0.0,581,0.01660344827586207,0.0011659631015354217,9.63,296
0.5,5.0,118.08692369524742,0,0.0,0.0,0.0,507,0.015689723320158104,0.0011805239324045261,7.939000000000001,256
0.5,10.0,126.45302050585562,0,0.0,0.0,0.0,550,0.014794171220400734,0.0011220755565342659,8.122000000000003,278
0.6,0.01,0.01859531611256182,0,0.0,0.0,0.0,51,1.7378079999999998,1.3267824843398486,86.89039999999999,0
0.6,0.1,0.08002506457316098,0,0.0,0.0,0.0,86,1.152310588235294,1.2527156707219196,97.94639999999998,0
0.6,0.2,0.0753065523994925,0,0.0,0.0,0.0,114,0.8623362831858408,1.030725782784527,97.444,0
0.6,0.4,362.73259884965853,0,0.0,0.0,0.0,603,0.05239916943521595,0.005999945865634547,31.544300000000003,302
0.6,0.6,128.25663020550908,0,0.0,0.0,0.0,563,0.030469217081850526,0.003308978079080614,17.123699999999996,280
0.6,0.8,253.2645989350562,0,0.0,0.0,0.0,563,0.025045017793594294,0.002170015668894556,14.075299999999993,286
0.6,1.0,215.32702469248858,0,0.0,0.0,0.0,513,0.023314453125000006,0.0023306823735905237,11.937000000000003,260
0.6,2.0,48.06597911215029,0,0.0,0.0,0.0,514,0.019154385964912264,0.0014029771856850098,9.826199999999991,262
0.6,5.0,143.5668345387977,0,0.0,0.0,0.0,599,0.01631722408026756,0.000851398093445729,9.757700000000002,304
0.6,10.0,141.44460636847046,0,0.0,0.0,0.0,549,0.01611478102189781,0.001152955247202742,8.830900000000002,280
0.7,0.01,0.08539819620278183,0,0.0,0.0,0.0,48,1.5798191489361704,0.9066780413753845,74.25150000000001,0
0.7,0.1,0.029539315552868595,0,0.0,0.0,0.0,88,0.8824528735632187,0.7388909135018512,76.77340000000002,0
0.7,0.2,12.03615187721799,0,0.0,0.0,0.0,48,1.6000999999999999,0.7373033341317121,75.20469999999999,27
0.7,0.4,161.87756863404206,0,0.0,0.0,0.0,554,0.037077396021699814,0.005046401977365464,20.5038,276
0.7,0.6,53.89067390697641,0,0.0,0.0,0.0,548,0.028436745886654482,0.002538657676400169,15.554900000000002,276
0.7,0.8,85.6136629454896,0,0.0,0.0,0.0,557,0.024805575539568348,0.0028307999429147256,13.791900000000002,278
0.7,1.0,137.5823626923003,0,0.0,0.0,0.0,551,0.023105272727272724,0.002010905925077017,12.707899999999999,280
0.7,2.0,119.1508659256487,0,0.0,0.0,0.0,576,0.019432347826086976,0.0011045663301771178,11.173600000000011,290
0.7,5.0,171.25806765502696,0,0.0,0.0,0.0,533,0.017861654135338353,0.0009769063591654888,9.502400000000003,272
0.7,10.0,138.52435759148494,0,0.0,0.0,0.0,543,0.016978044280442806,0.0012914683263486105,9.2021,274
0.8,0.01,0.07111440995983741,0,0.0,0.0,0.0,28,1.7714814814814819,0.9924638594609793,47.83000000000001,0
0.8,0.1,0.8834086413919886,0,0.0,0.0,0.0,47,0.9258173913043476,0.6890582737183483,42.58759999999999,0
0.8,0.2,158.71026050674695,0,0.0,0.0,0.0,445,0.0297027027027027,0.002523137516509188,13.187999999999999,224
0.8,0.4,263.1371977985272,0,0.0,0.0,0.0,467,0.026227896995708162,0.0031395079879770332,12.222200000000004,236
0.8,0.6,102.41469337897291,0,0.0,0.0,0.0,465,0.024748491379310344,0.0019224708183589476,11.4833,236
0.8,0.8,69.50489426986032,0,0.0,0.0,0.0,542,0.022394269870609985,0.0016343376938091326,12.115300000000001,274
0.8,1.0,57.81186495456955,0,0.0,0.0,0.0,503,0.0221609561752988,0.001790145312981194,11.124799999999997,254
0.8,2.0,63.44868017947875,0,0.0,0.0,0.0,495,0.02017874493927126,0.0018530534101577482,9.968300000000003,250
0.8,5.0,169.79335685567082,0,0.0,0.0,0.0,528,0.018214990512333964,0.0015547862903483106,9.5993,266
0.8,10.0,91.81935701652978,0,0.0,0.0,0.0,477,0.018187605042016802,0.001246381600556629,8.657299999999998,242
0.9,0.01,1.07219781889604e7,0,0.0,0.0,0.0,1,NaN,NaN,0.0,0
0.9,0.1,64.9127015903775,0,0.0,0.0,0.0,13,0.03094166666666667,0.0021593173724933344,0.3713,6
0.9,0.2,30.566325531085788,0,0.0,0.0,0.0,32,0.030416129032258075,0.0019868059415711356,0.9429000000000003,14
0.9,0.4,162.77114839801393,0,0.0,0.0,0.0,132,0.027106870229007634,0.0015422855586980024,3.551,68
0.9,0.6,40.672655283748924,0,0.0,0.0,0.0,252,0.02420478087649403,0.0017594479394948941,6.075400000000001,126
0.9,0.8,30.055697286787275,0,0.0,0.0,0.0,313,0.022863461538461534,0.0019894928675163906,7.133399999999999,158
0.9,1.0,26.830121785031352,0,0.0,0.0,0.0,398,0.021458186397984892,0.0009984152774162433,8.518900000000002,202
0.9,2.0,62.632542703371364,0,0.0,0.0,0.0,430,0.02022937062937064,0.0013712075397203072,8.678400000000003,220
0.9,5.0,139.57440958874477,0,0.0,0.0,0.0,467,0.018915450643776824,0.0012742855939616047,8.8146,238
0.9,10.0,60.53096921724356,0,0.0,0.0,0.0,488,0.018194455852156063,0.0014723619995146776,8.860700000000003,250
1.0,0.01,1775.164529376042,0,0.0,0.0,0.0,1,NaN,NaN,0.0,0
1.0,0.1,6645.643907616756,0,0.0,0.0,0.0,1,NaN,NaN,0.0,0
1.0,0.2,1.0726466538445681e7,0,0.0,0.0,0.0,1,NaN,NaN,0.0,0
1.0,0.4,29.595417991114985,0,0.0,0.0,0.0,17,0.026818749999999995,0.0001167261752992868,0.4290999999999999,8
1.0,0.6,54.1748954183818,0,0.0,0.0,0.0,55,0.025105555555555572,0.002887214278384647,1.3557000000000008,30
1.0,0.8,81.30155265424912,0,0.0,0.0,0.0,92,0.024618681318681317,0.0015194964142337926,2.2403,46
1.0,1.0,58.60759303554814,0,0.0,0.0,0.0,138,0.023637226277372258,0.0013629017108442083,3.2382999999999993,70
1.0,2.0,82.77319295659252,0,0.0,0.0,0.0,332,0.02019667673716012,0.0021254919889720767,6.6851,166
1.0,5.0,542.8455073034388,0,0.0,0.0,0.0,447,0.018866367713004494,0.000935583115285271,8.414400000000004,228
1.0,10.0,123.58257483777221,0,0.0,0.0,0.0,470,0.0184769722814499,0.0009093663857813388,8.665700000000003,240
1.1,0.01,23526.06360885255,0,0.0,0.0,0.0,1,NaN,NaN,0.0,0
1.1,0.1,5761.1477773114,0,0.0,0.0,0.0,1,NaN,NaN,0.0,0
1.1,0.2,1800.6803264906614,0,0.0,0.0,0.0,1,NaN,NaN,0.0,0
1.1,0.4,468.5770442938716,0,0.0,0.0,0.0,1,NaN,NaN,0.0,0
1.1,0.6,33.199322079880844,0,0.0,0.0,0.0,17,0.024887499999999996,0.00016278820596099715,0.39819999999999994,8
1.1,0.8,37.31373860353158,0,0.0,0.0,0.0,17,0.024887499999999996,0.00018929694486000863,0.39819999999999994,8
1.1,1.0,106.428352959436,0,0.0,0.0,0.0,31,0.024560000000000002,0.00017733661737517453,0.7368,16
1.1,2.0,78.29295332065249,0,0.0,0.0,0.0,148,0.02226258503401362,0.0010279125598675156,3.272600000000002,76
1.1,5.0,328.72135516592425,0,0.0,0.0,0.0,402,0.01879201995012469,0.0008882489288487758,7.535600000000001,202
1.1,10.0,2002.878725564231,0,0.0,0.0,0.0,448,0.018478076062639813,0.0008720949795717944,8.259699999999997,228
1.2,0.01,48989.84413872894,0,0.0,0.0,0.0,1,NaN,NaN,0.0,0
1.2,0.1,63029.50969878913,0,0.0,0.0,0.0,1,NaN,NaN,0.0,0
1.2,0.2,7144.476719205605,0,0.0,0.0,0.0,1,NaN,NaN,0.0,0
1.2,0.4,81829.27047449216,0,0.0,0.0,0.0,1,NaN,NaN,0.0,0
1.2,0.6,5487.7745185886915,0,0.0,0.0,0.0,1,NaN,NaN,0.0,0
1.2,0.8,28.20145627743511,0,0.0,0.0,0.0,7,0.02173333333333333,0.005162040940041707,0.1304,4
1.2,1.0,9.831750999622031,0,0.0,0.0,0.0,7,0.02398333333333333,0.00014719601443879656,0.14389999999999997,4
1.2,2.0,22.80399118208565,0,0.0,0.0,0.0,56,0.022560000000000018,0.0024713618977457814,1.240800000000001,26
1.2,5.0,17.342772125121694,0,0.0,0.0,0.0,255,0.019903543307086616,0.0017089011459343055,5.0555,130
1.2,10.0,61.65272440845676,0,0.0,0.0,0.0,425,0.018276179245283023,0.0012061793326252877,7.749100000000001,216
1.3,0.01,120139.8411868411,0,0.0,0.0,0.0,1,NaN,NaN,0.0,0
1.3,0.1,36924.22488658311,0,0.0,0.0,0.0,1,NaN,NaN,0.0,0
1.3,0.2,99681.82438603941,0,0.0,0.0,0.0,1,NaN,NaN,0.0,0
1.3,0.4,65042.828421303064,0,0.0,0.0,0.0,1,NaN,NaN,0.0,0
1.3,0.6,93544.35056164856,0,0.0,0.0,0.0,1,NaN,NaN,0.0,0
1.3,0.8,43890.20369481475,0,0.0,0.0,0.0,1,NaN,NaN,0.0,0
1.3,1.0,35705.63099329318,0,0.0,0.0,0.0,1,NaN,NaN,0.0,0
1.3,2.0,41.45419639772503,0,0.0,0.0,0.0,19,0.02323333333333334,0.0002449489742783178,0.41820000000000007,8
1.3,5.0,209.7981553446276,0,0.0,0.0,0.0,133,0.021358333333333333,0.0008474516506883758,2.8193,66
1.3,10.0,44.938666999059244,0,0.0,0.0,0.0,327,0.018974539877300613,0.0015045353803459064,6.1857,166
1.4,0.01,52577.06426060362,0,0.0,0.0,0.0,1,NaN,NaN,0.0,0
1.4,0.1,34288.90671303265,0,0.0,0.0,0.0,1,NaN,NaN,0.0,0
1.4,0.2,18853.07074467297,0,0.0,0.0,0.0,1,NaN,NaN,0.0,0
1.4,0.4,32202.3036022421,0,0.0,0.0,0.0,1,NaN,NaN,0.0,0
1.4,0.6,10087.714407076428,0,0.0,0.0,0.0,1,NaN,NaN,0.0,0
1.4,0.8,220589.21841534786,0,0.0,0.0,0.0,1,NaN,NaN,0.0,0
1.4,1.0,49122.22402539284,0,0.0,0.0,0.0,1,NaN,NaN,0.0,0
1.4,2.0,41670.96171630193,0,0.0,0.0,0.0,1,NaN,NaN,0.0,0
1.4,5.0,55.611853147937275,0,0.0,0.0,0.0,54,0.02204339622641509,0.0017323294048501754,1.1683,28
1.4,10.0,31.005198515483958,0,0.0,0.0,0.0,217,0.01964166666666667,0.0024660532444882774,4.2426,110
1.5,0.01,13.291762012061206,0,0.0,0.0,0.0,1,NaN,NaN,0.0,0
1.5,0.1,5325.653679277709,0,0.0,0.0,0.0,1,NaN,NaN,0.0,0
1.5,0.2,705.7628238061876,0,0.0,0.0,0.0,1,NaN,NaN,0.0,0
1.5,0.4,6073.413315317376,0,0.0,0.0,0.0,1,NaN,NaN,0.0,0
1.5,0.6,64.93112450397454,0,0.0,0.0,0.0,1,NaN,NaN,0.0,0
1.5,0.8,31.985886897600317,0,0.0,0.0,0.0,1,NaN,NaN,0.0,0
1.5,1.0,447.2260451265501,0,0.0,0.0,0.0,1,NaN,NaN,0.0,0
1.5,2.0,22.403302960670963,0,0.0,0.0,0.0,1,NaN,NaN,0.0,0
1.5,5.0,59.70572439920068,0,0.0,0.0,0.0,19,0.022644444444444453,0.00020643250491375386,0.40760000000000013,8
1.5,10.0,194.08005406324125,0,0.0,0.0,0.0,114,0.021240707964601764,0.0005382904765720286,2.4001999999999994,60
