r,P,v
0.0,0.0,0.0
0.01,0.012148031598383785,0.00541557048289497
0.02,0.02429522663702344,0.010828800352112979
0.03,0.036440663992687,0.01623688310120487
0.04,0.048583503289464,0.021637142182430253
0.05,0.06072293038577233,0.02702691959675453
0.06,0.07285814362443682,0.03240356264413153
0.07,0.08498834655542206,0.03776442074428822
0.08,0.09711274312196437,0.04310684467967612
0.09,0.10923053408653258,0.04842818661646285
0.1,0.12134091416647926,0.053725800408996056
0.11,0.13344306960616015,0.058997042012560785
0.12,0.14553617603003233,0.06423926993823734
0.13,0.1576193964820231,0.06944984572569946
0.14,0.16969187959049772,0.0746261344271624
0.15,0.18175275781860445,0.07976550510302256
0.16,0.1938011457723406,0.08486533133278477
0.17,0.20583613854670424,0.08992299174598846
0.18,0.21785681009600188,0.0949358705781037
0.19,0.22986221161778103,0.09990135825628248
0.2,0.24185136994285092,0.10481685201962593
0.21,0.2538232859255603,0.10967975657836153
0.22,0.2657769328299948,0.11448748481610545
0.23,0.2777112547092037,0.11923745853918613
0.24,0.2896251647747358,0.12392710927684177
0.25,0.30151754375578926,0.12855387913599947
0.26,0.3133872382465838,0.13311522171425064
0.27,0.3252330590420624,0.13760860307456674
0.28,0.33705377946226395,0.14203150278528706
0.29,0.3488481336667454,0.14638141502887286
0.3,0.36061481495996184,0.15065584978292418
0.31,0.3723524740903321,0.1548523340769463
0.32,0.3840597175450364,0.15896841332836814
0.33,0.39573510584438054,0.16300165276132594
0.34,0.40737715183922873,0.16694963891173115
0.35000000000000003,0.4189843190161611,0.17080998122215132
0.36,0.43055501981516525,0.1745803137300279
0.37,0.4420876139664599,0.17825829685277372
0.38,0.45358040685242,0.18184161927325673
0.39,0.4650316479021718,0.18532799992916688
0.4,0.4764395290273179,0.1887151901097331
0.41000000000000003,0.4878021831076827,0.19200097566319288
0.42,0.4991176825371758,0.19518317931836898
0.43,0.5103840378404854,0.19825966312359253
0.44,0.5215991963729297,0.20122833100612955
0.45,0.5327610411159557,0.20408713145510798
0.46,0.5438673895823412,0.20683406033078514
0.47000000000000003,0.5549159928459585,0.20946716380277383
0.48,0.5659045347123502,0.2119845414196204
0.49,0.5768306310466405,0.21438434931183004
0.5,0.5876918292770552,0.21666480353009376
0.51,0.5984856080929933,0.21882418352007027
0.52,0.609209377357374,0.22086083573463153
0.53,0.6198604782540389,0.22277317738393235
0.54,0.6304361836917461,0.2245597003230643
0.55,0.6409336989863891,0.2262189750763479
0.56,0.651350162844736,0.22774965499653213
0.5700000000000001,0.6616826486717985,0.22915048055625825
0.58,0.6719281662251188,0.23042028376811954
0.59,0.6820836636385177,0.23155799272851427
0.6,0.6921460298380847,0.2325626362791925
0.61,0.7021120973717281,0.2334333487789551
0.62,0.711978645672637,0.23416937497637907
0.63,0.7217424047762121,0.23477007497267133
0.64,0.7314000595073078,0.23523492926182105
0.65,0.7409482541529089,0.23556354383309575
0.66,0.7503835976318225,0.2357556553186215
0.67,0.7597026691710317,0.23581113616632823
0.68,0.7689020244929099,0.23572999981584514
0.6900000000000001,0.7779782025143621,0.23551240585214128
0.7000000000000001,0.7869277325536342,0.23515866510872535
0.71,0.7957471420355067,0.23466924468912947
0.72,0.8044329646796724,0.23404477287223308
0.73,0.8129817491507991,0.233286043863751
0.74,0.8213900681429749,0.23239402235303272
0.75,0.8296545278637993,0.23136984783116354
0.76,0.8377717778769509,0.23021483862339487
0.77,0.8457385212555891,0.22893049558620318
0.78,0.8535515249917814,0.22751850541687144
0.79,0.8612076306016644,0.2259807435215305
0.8,0.8687037648598669,0.2243192763862128
0.81,0.8760369505922238,0.22253636339473
0.8200000000000001,0.8832043174517685,0.2206344580372402
0.8300000000000001,0.8902031126007085,0.2186162084543153
0.84,0.8970307112201672,0.21648445726325893
0.85,0.9036846267685363,0.21424224061640323
0.86,0.9101625209137487,0.21189278644523823
0.87,0.9164622130672043,0.20943951184946888
0.88,0.9225816894541697,0.20688601959647404
0.89,0.9285191116634753,0.20423609370407272
0.9,0.9342728246297125,0.20149369408790319
0.91,0.939841364012589,0.19866295026391764
0.92,0.9452234629521299,0.19574815410630075
0.93,0.9504180581930302,0.19275375167130618
0.9400000000000001,0.9554242955869271,0.18968433410774985
0.9500000000000001,0.9602415349968642,0.18654462768496657
0.96,0.9648693546441448,0.18333948297856525
0.97,0.9693075549526359,0.18007386326303726
0.98,0.9735561619577793,0.17675283216790366
0.99,0.9776154303580384,0.17338154066036945
1.0,0.9814858462959158,0.16996521342226997
1.01,0.9851681299578862,0.16650913469227502
1.02,0.9886632380839941,0.16301863364592226
1.03,0.9919723664714851,0.15949906938611932
1.04,0.995096952550192,0.15595581561545083
1.05,0.9980386780889142,0.15239424505925928
1.06,1.0007994720761115,0.14881971370533012
1.07,1.0033815137896176,0.1452375449224647
1.08,1.0057872360425235,0.14165301351678983
1.09,1.008019328558201,0.13807132978166578
1.1,1.0100807413885882,0.13449762359494186
1.11,1.0119746882506306,0.13093692861651574
1.12,1.0137046496143882,0.12739416663985104
1.1300000000000001,1.0152743753322855,0.12387413215358378
1.1400000000000001,1.0166878865611735,0.1203814771736639
1.1500000000000001,1.01794947668997,0.1169206964125433
1.16,1.0190637109529808,0.11349611285960956
1.17,1.0200354243846106,0.11011186385601578
1.18,1.0208697177558135,0.10677188775685299
1.19,1.0215719511280021,0.10347991128366195
1.2,1.0221477346695722,0.10023943767991067
1.21,1.02260291640574,0.09705373579062422
1.22,1.022943566614985,0.09392583019400681
1.23,1.0231759586434241,0.0908584925168926
1.24,1.0233065459895148,0.08785423406660148
1.25,1.0233419356026527,0.08491529990851904
1.26,1.023288857453234,0.08204366451110563
1.27,1.023154130553149,0.07924102906768488
1.28,1.0229446257367316,0.0765088205873054
1.29,1.022667225646589,0.07384819282519539
1.3,1.0223287824998857,0.07126002909742826
1.31,1.0219360743331094,0.06874494699480878
1.32,1.021495760525922,0.06630330497871281
1.33,1.0210143374873812,0.06393521080755739
1.34,1.020498095440031,0.061640531708009046
1.35,1.019953077252628,0.05941890617115919
1.36,1.0193850402537779,0.05726975722200383
1.37,1.018799421900904,0.05519230698183199
1.3800000000000001,1.0182013100811829,0.053185592318707925
1.3900000000000001,1.0175954186940812,0.05124848136199539
1.4000000000000001,1.0169860690068275,0.049379690643529615
1.41,1.0163771770978496,0.04757780262105213
1.42,1.0157722475122093,0.0458412833390028
1.43,1.0151743730648117,0.04416849998764717
1.44,1.014586240540691,0.0425577381333844
1.45,1.0140101418769822,0.04100721841034942
1.46,1.0134479902659301,0.039515112485251754
1.47,1.0129013405042104,0.03807955813289942
1.48,1.0123714128336092,0.036698673287905395
1.49,1.0118591194715287,0.03537056896767482
1.5,1.011365093018852,0.03409336099177822
1.51,1.0108897159500114,0.032865180452320134
1.52,1.0104331504411461,0.031684182917921196
1.53,1.0099953678597073,0.03054855637977837
1.54,1.0095761773270313,0.029456527971258823
1.55,1.0091752528638245,0.02840636951228381
1.56,1.008792158731282,0.027396401945989482
1.57,1.0084263726831004,0.02642499874784331
1.58,1.008077306943857,0.025490588396478046
1.59,1.0077443268181672,0.024591656001221283
1.6,1.0074267669161188,0.023726744183908136
1.61,1.0071239450466474,0.022894453312426857
1.62,1.0068351738857566,0.022093441180955003
1.6300000000000001,1.006559770569109,0.02132242222742678
1.6400000000000001,1.0062970643850635,0.020580166372895392
1.6500000000000001,1.0060464027651972,0.019865497560476446
1.6600000000000001,1.0058071557747283,0.019177292063931827
1.67,1.005578719307211,0.018514476627951547
1.68,1.005360517180757,0.01787602649417695
1.69,1.005152002320647,0.01726096335917496
1.7,1.0049526571981966,0.01666835330313411
1.71,1.0047619936802903,0.016097304721130454
1.72,1.0045795524236087,0.015546966282534784
1.73,1.0044049019301822,0.015016524938500612
1.74,1.0042376373620592,0.014505203992572869
1.75,1.0040773791978914,0.01401226124520772
1.76,1.0039237717972178,0.013536987219451596
1.77,1.003776481925684,0.013078703472043306
1.78,1.0036351972803124,0.012636760991831511
1.79,1.0034996250484425,0.01221053868548839
1.8,1.0033694905190111,0.011799441949060019
1.81,1.0032445357634534,0.011402901322776325
1.82,1.003124518393822,0.011020371225813945
1.83,1.0030092104044483,0.01065132876714564
1.84,1.0028983970976884,0.01029527262834385
1.85,1.0027918760923975,0.009951722014032537
1.86,1.0026894564131619,0.009620215665704817
1.87,1.002590957655675,0.009300310934664172
1.8800000000000001,1.0024962092228369,0.00899158291002631
1.8900000000000001,1.0024050496287527,0.008693623597903
1.9000000000000001,1.0023173258614073,0.008406041148112131
1.9100000000000001,1.0022328928020163,0.008128459125004268
1.92,1.0021516126946055,0.00786051581922766
1.93,1.0020733546613787,0.007601863597503649
1.94,1.0019979942592008,0.007352168287713383
1.95,1.0019254130733657,0.007111108596826738
1.96,1.001855498344703,0.006878375559389875
1.97,1.001788142626745,0.006653672014511247
1.98,1.0017232434700643,0.006436712109425311
1.99,1.0016607031313944,0.006227220827911022
2.0,1.0016004283044198,0.006024933541964155
2.0100000000000002,1.0015423298701789,0.005829595585264752
2.02,1.0014863226664172,0.005640961847098853
2.0300000000000002,1.0014323252726083,0.005458796385501548
2.04,1.0013802598098092,0.005282872058492403
2.05,1.0013300517547434,0.005112970172352439
2.06,1.0012816297653269,0.004948880145979496
2.07,1.0012349255180868,0.004790399190423894
2.08,1.0011898735559706,0.004637332002784135
2.09,1.0011464111454895,0.00448949047367978
2.1,1.0011044781424192,0.004346693407593368
2.11,1.0010640168657785,0.004208766255406707
2.12,1.0010249719795894,0.0040755408585172745
2.13,1.0009872903813584,0.003946855203939274
2.14,1.0009509210966705,0.003822553189842863
2.15,1.0009158151797841,0.0037024844010304547
2.16,1.0008819256197827,0.0035865038938630604
2.17,1.000849207252505,0.003474471990177493
2.18,1.0008176166761975,0.0033662540797741464
2.19,1.0007871121724465,0.0032617204310719313
2.2,1.0007576536310545,0.0031607460095561587
2.21,1.0007292024790284,0.0030632103036540965
2.22,1.0007017216120686,0.0029689971577070732
2.23,1.000675175331392,0.002877994611720442
2.24,1.0006495292821664,0.0027900947475814333
2.25,1.0006247503958892,0.0027051935414680005
2.2600000000000002,1.000600806835268,0.002623190722169311
2.27,1.0005776679414895,0.002543989635069167
2.2800000000000002,1.0005553041844888,0.0024674971115431015
2.29,1.0005336871154418,0.0023936233435369113
2.3000000000000003,1.000512789321202,0.002322281763111203
2.31,1.00049258438146,0.0022533889267374336
2.32,1.0004730468267369,0.0021868644041476053
2.33,1.0004541520997656,0.0021226306715541594
2.34,1.0004358765177641,0.0020606130090506923
2.35,1.0004181972362611,0.0020007394020296566
2.36,1.0004010922148694,0.0019429404464460177
2.37,1.000384540184112,0.0018871492577870095
2.38,1.0003685206145856,0.0018333013835835083
2.39,1.0003530136861205,0.0017813347193245683
2.4,1.000338000259721,0.0017311894276462272
2.41,1.000323461849283,0.0016828078606647312
2.42,1.0003093805956444,0.0016361344853219027
2.43,1.000295739241026,0.0015911158116398102
2.44,1.0002825211045272,0.0015477003237622685
2.45,1.0002697100590103,0.0015058384136826812
2.46,1.0002572905089868,0.0014654823175451503
2.47,1.0002452473681678,0.0014265860544375752
2.48,1.000233566039684,0.0013891053675723962
2.49,1.0002222323955254,0.0013529976677694928
2.5,1.00021123275804,0.0013182219791543109
2.5100000000000002,1.000200553881095,0.0012847388869868558
2.52,1.0001901829326305,0.0012525104875551123
2.5300000000000002,1.000180107477546,0.001221500340050715
2.54,1.0001703154613633,0.001191673420357094
2.5500000000000003,1.0001607951941127,0.001162996076678666
2.56,1.000151535335386,0.0011354359869640543
2.57,1.000142524879279,0.0011089621180473456
2.58,1.000133753140444,0.0010835446864587053
2.59,1.0001252097398645,0.001059155120852706
2.6,1.000116884591299,0.0010357660260072832
2.61,1.0001087678878327,0.0010133511483536594
2.62,1.0001008500890975,0.0009918853430016812
2.63,1.000093121907715,0.0009713445422189822
2.64,1.000085574296238,0.0009517057253444099
2.65,1.000078198432926,0.00093294689012132
2.66,1.0000709857080199,0.0009150470254155573
2.67,1.0000639277084065,0.0008979860853026103
2.68,1.0000570162016154,0.0008817449644832386
2.69,1.0000502431174825,0.000866305474986072
2.7,1.0000436005286462,0.0008516503240480618
2.71,1.0000370806298209,0.0008377630930147332
2.72,1.0000306757154047,0.0008246282169559774
2.73,1.0000243781564195,0.0008122309645272877
2.74,1.000018180379673,0.0008005574173127266
2.75,1.000012074852757,0.0007895944474494243
2.7600000000000002,1.000006054082157,0.0007793296917151431
2.77,1.0000001106349794,0.0007697515193659921
2.7800000000000002,0.9999942372017556,0.000760848989768505
2.79,0.9999884267279662,0.0007526117941650646
2.8000000000000003,0.9999826726530587,0.0007450301736208422
2.81,0.99997696931536,0.000738094802206898
2.82,0.999971312604962,0.0007317966206682522
2.83,0.9999657009810857,0.0007261266011293405
2.84,0.9999601370100953,0.0007210754178604795
2.85,0.9999546296384886,0.0007166329930495438
2.86,0.9999491974766368,0.0007127878804341352
2.87,0.9999438734487835,0.0007095264449028879
2.88,0.9999387112449476,0.0007068317948011542
2.89,0.9999337940904882,0.0007046824294561091
2.9,0.9999292464015613,0.0007030505831635587
2.91,0.9999252488981788,0.0007019002876491639
2.92,0.9999220576267424,0.0007011852516345464
2.93,0.9999200270344123,0.0007008467888919142
2.94,0.9999196365842669,0.0007008122443856813
2.95,0.9999215192066814,0.0007009947134766507
2.96,0.9999264878455703,0.0007012953793547826
2.97,0.9999355530470038,0.000701610587585766
2.98,0.9999499193409417,0.000701846938594382
2.99,0.999970940250351,0.0007019493451976429
3.0,1.0,0.0007019493451976429
