x,ya,yb,yc,yd
0.0,-0.5,3.61,2.198,1.0
0.01,-0.5,3.593,2.1895,1.0
0.02,-0.5,3.576,2.181,1.0
0.030000000000000002,-0.5,3.5595,2.1725000000000003,1.0
0.04,-0.5,3.543,2.1645000000000003,1.0
0.05,-0.5,3.5265,2.1559999999999997,1.0
0.060000000000000005,-0.5,3.5105,2.1479999999999997,1.0
0.06999999999999999,-0.5,3.4945,2.1399999999999997,1.0
0.08,-0.5,3.4785,2.1325000000000003,1.0
0.09,-0.5,3.463,2.1245000000000003,1.0
0.1,-0.5,3.4475,2.1165000000000003,1.0
0.11,-0.5,3.432,2.109,1.0
0.12000000000000001,-0.5,3.4165,2.1014999999999997,1.0
0.13,-0.5,3.4015,2.0940000000000003,1.0
0.13999999999999999,-0.5,3.387,2.0865,1.0
0.15,-0.5,3.372,2.0789999999999997,1.0
0.16,-0.5,3.3575,2.072,1.0
0.17,-0.5,3.343,2.065,1.0
0.18,-0.5,3.329,2.0575,1.0
0.19,13.432,3.315,2.0505,1.0
0.2,13.362,3.301,2.0435,1.0
0.21000000000000002,13.293,3.287,2.0365,1.0
0.22,13.225,3.2735,2.0300000000000002,1.0
0.23,13.157,3.26,2.0229999999999997,1.0
0.24000000000000002,13.0905,3.2465,2.0164999999999997,1.0
0.25,13.024,3.2335,2.01,1.0
0.26,12.959,3.22,2.0035,1.0
0.27,12.894,3.2075,1.994,1.0
0.27999999999999997,12.83,3.1945,1.981,1.0
0.29,12.7665,3.1815,1.968,1.0
0.3,12.7035,3.169,1.955,1.0
0.31,12.6415,3.1565,1.943,1.0
0.32,12.58,3.1445,1.931,1.0
0.33,12.5195,3.132,1.918,1.0
0.34,12.459,3.12,1.906,1.0
0.35,12.3995,3.108,1.894,1.0
0.36,12.3405,3.0965,1.883,1.0
0.37,12.2825,3.0845,1.871,1.0
0.38,12.2245,3.073,1.859,1.0
0.39,12.1675,3.0615,1.848,1.0
0.4,12.111,3.0505,1.836,1.0
0.41000000000000003,12.055,3.039,1.825,1.0
0.42000000000000004,11.9995,3.028,1.814,1.0
0.43000000000000005,11.945,3.017,1.803,1.0
0.44,11.8905,3.006,1.792,1.0
0.45,11.837,2.9955,1.781,1.0
0.46,11.784,2.9844999999999997,1.77,1.0
0.47000000000000003,11.7315,2.974,1.76,1.0
0.48000000000000004,11.6795,2.9635,1.749,1.0
0.49,11.628,2.9530000000000003,1.739,1.0
0.5,11.577,2.943,1.728,1.0
0.51,11.5265,2.933,1.718,1.0
0.52,11.4765,2.9225000000000003,1.708,1.0
0.53,11.427,2.9125,1.698,1.0
0.54,11.378,2.903,1.688,1.0
0.5499999999999999,11.3295,2.893,1.678,1.0
0.5599999999999999,11.282,2.8834999999999997,1.668,1.0
0.5700000000000001,11.2345,2.874,1.659,1.0
0.58,11.1875,2.8645,1.649,1.0
0.5900000000000001,11.141,2.855,1.639,1.0
0.6,11.095,2.8455,1.63,1.0
0.6100000000000001,11.0495,2.8365,1.621,1.0
0.62,11.0045,2.8274999999999997,1.612,1.0
0.6300000000000001,10.96,2.8185000000000002,1.602,1.0
0.64,10.9155,2.8095,1.593,1.0
0.6499999999999999,10.872,2.8005,1.584,1.0
0.66,10.829,2.792,1.575,1.0
0.6699999999999999,10.786,2.783,1.567,1.0
0.68,10.7435,2.7744999999999997,1.558,1.0
0.69,10.7015,2.766,1.549,1.0
0.7,10.66,2.7575000000000003,1.541,1.0
0.71,10.619,2.7495000000000003,1.532,1.0
0.72,10.5785,2.741,1.524,1.0
0.73,10.538,2.733,1.516,1.0
0.74,10.4985,2.725,1.507,1.0
0.75,10.459,2.717,1.499,1.0
0.76,10.42,2.709,1.491,1.0
0.77,10.3815,2.701,1.483,1.0
0.78,10.343,2.6935000000000002,1.475,1.0
0.7899999999999999,10.3055,2.6855,1.467,1.0
0.8,10.268,2.678,1.459,1.0
0.8099999999999999,10.231,2.6705,1.452,1.0
0.8200000000000001,10.194,2.6630000000000003,1.444,1.0
0.83,10.158,2.6555,1.436,1.0
0.8400000000000001,10.122,2.6479999999999997,1.429,1.0
0.85,10.0865,2.641,1.421,1.0
0.8600000000000001,10.051,2.6334999999999997,1.414,1.0
0.87,10.0165,2.6265,1.407,1.0
0.88,9.982,2.6195,1.399,1.0
0.89,9.948,2.6125,1.392,1.0
0.9,9.914,2.6055,1.385,1.0
0.91,9.881,2.599,1.378,1.0
0.92,9.8475,2.592,1.371,1.0
0.9299999999999999,9.815,2.5854999999999997,1.364,1.0
0.9400000000000001,9.7825,2.5785,1.357,1.0
0.95,9.7505,2.572,1.35,1.0
0.9600000000000001,9.719,2.5655,1.344,1.0
0.97,9.6875,2.559,1.337,1.0
0.98,9.6565,2.5525,1.33,1.0
0.99,9.626,2.5465,1.324,1.0
1.0,9.5955,2.54,1.317,1.0
1.01,9.5655,2.534,1.311,1.0
1.02,9.536,2.5275,1.304,1.0
1.03,9.5065,2.5215,1.298,1.0
1.04,9.4775,2.5155000000000003,1.292,1.0
1.05,9.449,2.5095,1.286,1.0
1.06,9.4205,2.504,1.279,1.0
1.07,9.392,2.498,1.273,1.0
1.08,9.3645,2.492,1.267,1.0
1.09,9.337,2.4865,1.261,1.0
1.0999999999999999,9.3095,2.4805,1.255,1.0
1.11,9.283,2.475,1.249,1.0
1.1199999999999999,9.256,2.4695,1.243,1.0
1.1300000000000001,9.23,2.464,1.238,1.0
1.1400000000000001,9.204,2.4585,1.232,1.0
1.15,9.178,2.4530000000000003,1.226,1.0
1.16,9.1525,2.448,1.221,1.0
1.17,9.1275,2.4425,1.215,1.0
1.1800000000000002,9.1025,2.4375,1.209,1.0
1.19,9.078,2.432,1.204,1.0
1.2,9.0535,2.427,1.198,1.0
1.21,9.0295,2.4219999999999997,1.193,1.0
1.2200000000000002,9.006,2.417,1.188,1.0
1.23,8.9825,2.412,1.182,1.0
1.24,8.959,2.407,1.177,1.0
1.25,8.936,2.402,1.172,1.0
1.2600000000000002,8.913499999999999,2.3975,1.167,1.0
1.27,8.891,2.3925,1.162,1.0
1.28,8.869,2.388,1.157,1.0
1.29,8.847000000000001,2.383,1.151,1.0
1.2999999999999998,8.8255,2.3785,1.146,1.0
1.31,8.804,2.374,1.142,1.0
1.32,8.783000000000001,2.3695,1.137,1.0
1.33,8.7625,2.365,1.132,1.0
1.3399999999999999,8.742,2.3605,1.127,1.0
1.3499999999999999,8.721499999999999,2.356,1.122,1.0
1.36,8.7015,2.3520000000000003,1.117,1.0
1.37,8.6815,2.3475,1.113,1.0
1.38,8.661999999999999,2.3434999999999997,1.108,1.0
1.39,8.643,2.339,1.103,1.0
1.4,8.623999999999999,2.335,1.099,1.0
1.4100000000000001,8.605,2.331,1.094,1.0
1.42,8.586500000000001,2.327,1.09,1.0
1.43,8.568,2.323,1.085,1.0
1.44,8.55,2.319,1.081,1.0
1.4500000000000002,8.532499999999999,2.315,1.077,1.0
1.46,8.515,2.311,1.072,1.0
1.47,8.497499999999999,2.307,1.068,1.0
1.48,8.4805,2.3035,1.064,1.0
1.4900000000000002,8.4635,2.2995,1.06,1.0
1.5,8.447,2.2960000000000003,1.055,1.0
1.51,8.4305,2.2925,1.051,1.0
1.52,8.4145,2.2885,1.047,1.0
1.53,8.3985,2.285,1.043,1.0
1.54,8.383,2.2815000000000003,1.039,1.0
1.55,8.3675,2.278,1.035,1.0
1.56,8.3525,2.2744999999999997,1.031,1.0
1.57,8.3375,2.2715,1.027,1.0
1.5799999999999998,8.323,2.268,1.023,1.0
1.59,8.3085,2.2645,1.02,1.0
1.6,8.294,2.2615,1.016,1.0
1.6099999999999999,8.280000000000001,2.258,1.012,1.0
1.6199999999999999,8.2665,2.255,1.008,1.0
1.63,8.253,2.2515,1.004,1.0
1.6400000000000001,8.2395,2.2485,1.001,1.0
1.65,8.2265,2.2455,1.0,1.0
1.66,8.2135,2.2424999999999997,1.0,1.0
1.67,8.201,2.2395,1.0,1.0
1.6800000000000002,8.188500000000001,2.2365,1.0,1.0
1.69,8.1765,2.2335000000000003,1.0,1.0
1.7,8.1645,2.231,1.0,1.0
1.71,8.152999999999999,2.2279999999999998,1.0,1.0
1.7200000000000002,8.1415,2.225,1.0,1.0
1.73,8.129999999999999,2.2225,1.0,1.0
1.74,8.119,2.2195,1.0,1.0
1.75,8.1085,2.217,1.0,1.0
1.76,8.097999999999999,2.2145,1.0,1.0
1.77,8.0875,2.2119999999999997,1.0,1.0
1.78,8.0775,2.209,1.0,1.0
1.79,8.067499999999999,2.2065,1.0,1.0
1.8,8.058,2.2039999999999997,1.0,1.0
1.8099999999999998,8.0485,2.202,1.0,1.0
1.82,8.039,2.1995,1.0,1.0
1.83,8.030000000000001,2.197,1.0,1.0
1.84,8.0215,2.1944999999999997,1.0,1.0
1.8499999999999999,8.013,2.1925,1.0,1.0
1.8599999999999999,8.0045,2.19,1.0,1.0
1.87,7.9965,2.1879999999999997,1.0,1.0
1.8800000000000001,7.989,2.186,1.0,1.0
1.89,7.981,2.1835,1.0,1.0
1.9,7.974,2.1814999999999998,1.0,1.0
1.9100000000000001,7.9665,2.1795,1.0,1.0
1.9200000000000002,7.9595,2.1775,1.0,1.0
1.93,7.953,2.1755,1.0,1.0
1.94,7.9465,2.1734999999999998,1.0,1.0
1.9500000000000002,7.9405,2.1719999999999997,1.0,1.0
1.96,7.9345,2.17,1.0,1.0
1.97,7.9285,2.168,1.0,1.0
1.98,7.923,2.1665,1.0,1.0
1.99,7.918,2.1645000000000003,1.0,1.0
2.0,7.913,2.1630000000000003,1.0,1.0
2.01,7.908,2.161,1.0,1.0
2.02,7.9035,2.1595,1.0,1.0
2.0300000000000002,7.899,2.158,1.0,1.0
2.04,7.895,2.1565000000000003,1.0,1.0
2.05,7.891,2.1550000000000002,1.0,1.0
2.06,7.8875,2.1535,1.0,1.0
2.0700000000000003,7.884,2.152,1.0,1.0
2.08,7.881,2.1505,1.0,1.0
2.09,7.878,2.1494999999999997,1.0,1.0
2.1,7.8755,2.1479999999999997,1.0,1.0
2.1100000000000003,7.873,2.1470000000000002,1.0,1.0
2.12,7.871,2.1455,1.0,1.0
2.13,7.869,2.1445,1.0,1.0
2.14,7.8675,2.1435,1.0,1.0
2.15,7.866,2.142,1.0,1.0
2.16,7.865,2.141,1.0,1.0
2.17,7.8645,2.1399999999999997,1.0,1.0
2.18,7.8635,2.1390000000000002,1.0,1.0
2.19,7.8635,2.138,1.0,1.0
2.1999999999999997,7.8635,2.1375,1.0,1.0
2.21,7.8635,2.1365,1.0,1.0
2.22,7.864,2.1355,1.0,1.0
2.23,7.8645,2.135,1.0,1.0
2.2399999999999998,7.8655,2.134,1.0,1.0
2.25,7.867,2.1334999999999997,1.0,1.0
2.2600000000000002,7.8685,2.133,1.0,1.0
2.27,7.8705,2.1319999999999997,1.0,1.0
2.2800000000000002,7.8725,2.1315,1.0,1.0
2.2899999999999996,7.875,2.1310000000000002,1.0,1.0
2.3,7.8775,2.1305,1.0,1.0
2.31,7.8805,2.1305,1.0,1.0
2.32,7.884,2.13,1.0,1.0
2.33,7.8875,2.1295,1.0,1.0
2.34,7.8915,2.1295,1.0,1.0
2.35,7.8955,2.129,1.0,1.0
2.3600000000000003,7.9,2.129,1.0,1.0
2.3699999999999997,7.9045,2.1285,1.0,1.0
2.38,7.91,2.1285,1.0,1.0
2.3899999999999997,7.915,2.1285,1.0,1.0
2.4,7.921,2.1285,1.0,1.0
2.41,7.927,2.1285,1.0,1.0
2.42,7.9335,2.1285,1.0,1.0
2.43,7.94,2.129,1.0,1.0
2.4400000000000004,7.947,2.129,1.0,1.0
2.4499999999999997,7.9545,2.1295,1.0,1.0
2.46,7.962,2.1295,1.0,1.0
2.4699999999999998,7.9705,2.13,1.0,1.0
2.48,7.9785,2.1305,1.0,1.0
2.49,7.9875,2.1310000000000002,1.0,1.0
2.5,7.9965,2.1315,1.0,1.0
2.5100000000000002,8.006,2.1319999999999997,1.0,1.0
2.5200000000000005,8.016,2.1325000000000003,1.0,1.0
2.53,8.0265,2.1334999999999997,1.0,1.0
2.54,8.036999999999999,2.134,1.0,1.0
2.55,8.048,2.135,1.0,1.0
2.56,8.0595,2.1355,1.0,1.0
2.5700000000000003,8.071,2.1365,1.0,1.0
2.58,8.0835,2.1375,1.0,1.0
2.5900000000000003,8.096,2.1385,1.0,1.0
2.5999999999999996,8.109,2.1395,1.0,1.0
2.61,8.122499999999999,2.141,1.0,1.0
2.62,8.1365,2.142,1.0,1.0
2.63,8.151,2.1435,1.0,1.0
2.64,8.166,2.1445,1.0,1.0
2.65,8.181000000000001,2.146,1.0,1.0
2.66,8.197,2.1475,1.0,1.0
2.6700000000000004,8.213000000000001,2.149,1.0,1.0
2.6799999999999997,8.23,2.1505,1.0,1.0
2.69,8.247,2.1525,1.0,1.0
2.6999999999999997,8.265,2.154,1.0,1.0
2.71,8.283000000000001,2.1559999999999997,1.0,1.0
2.72,8.3015,2.158,1.0,1.0
2.73,8.321,2.16,1.0,1.0
2.74,8.341000000000001,2.162,1.0,1.0
2.75,8.361,2.1639999999999997,1.0,1.0
2.76,8.382,2.1665,1.0,1.0
2.77,8.403500000000001,2.1685,1.0,1.0
2.78,8.4255,2.1710000000000003,1.0,1.0
2.79,8.4485,2.1734999999999998,1.0,1.0
2.8,8.471499999999999,2.176,1.0,1.0
2.81,8.4955,2.1785,1.0,1.0
2.8200000000000003,8.52,2.1814999999999998,1.0,1.0
2.83,8.5455,2.1845,1.0,1.0
2.84,8.5715,2.1870000000000003,1.0,1.0
2.8499999999999996,8.597999999999999,2.1905,1.0,1.0
2.86,8.625,2.1935000000000002,1.0,1.0
2.87,8.652999999999999,2.1965,1.0,1.0
2.88,8.682,2.2,1.0,1.0
2.89,8.711500000000001,2.2035,1.0,1.0
2.9000000000000004,8.7415,2.207,1.0,1.0
2.9099999999999997,8.7725,2.2104999999999997,1.0,1.0
2.92,8.8045,2.2145,1.0,1.0
2.9299999999999997,8.837,2.218,1.0,1.0
2.94,8.8705,2.222,1.0,1.0
2.95,8.905000000000001,2.2264999999999997,1.0,1.0
2.96,8.940000000000001,2.2305,1.0,1.0
2.97,8.9765,2.2350000000000003,1.0,1.0
2.9800000000000004,9.0135,2.2395,1.0,1.0
2.9899999999999998,9.0515,2.2439999999999998,1.0,1.0
3.0,9.0905,2.249,1.0,1.0
3.01,9.1305,2.2535,1.0,1.0
3.02,9.172,2.259,1.0,1.0
3.0300000000000002,9.214,2.2640000000000002,1.0,1.0
3.04,9.2575,2.2695,1.0,1.0
3.0500000000000003,9.302,2.275,1.0,1.0
3.06,9.3475,2.2805,1.0,1.0
3.07,9.394,2.2865,1.0,1.0
3.08,9.4425,2.2925,1.0,1.0
3.09,9.4915,2.2984999999999998,1.0,1.0
3.1,9.5425,2.3049999999999997,1.0,1.0
3.11,9.5945,2.3115,1.0,1.0
3.12,9.648,2.3185000000000002,1.0,1.0
3.1300000000000003,9.703,2.3255,1.0,1.0
3.14,9.7595,2.3325,1.0,1.0
3.15,9.8175,2.34,1.0,1.0
3.1599999999999997,9.877,2.3475,1.0,1.0
3.17,9.9385,2.3555,1.0,1.0
3.18,10.001,2.3635,1.0,1.0
3.19,10.066,2.3715,1.0,1.0
3.2,10.1325,2.38,1.0,1.0
3.21,10.201,2.3890000000000002,1.0,1.0
3.2199999999999998,10.2715,2.3979999999999997,1.0,1.0
3.23,10.344,2.4074999999999998,1.0,1.0
3.2399999999999998,10.419,2.417,1.0,1.0
3.25,10.496,2.427,1.0,1.0
3.26,10.575,2.4375,1.0,1.0
3.27,10.6565,2.448,1.0,1.0
3.2800000000000002,10.7405,2.459,1.0,1.0
3.29,10.8275,2.4705,1.0,1.0
3.3,10.9165,2.482,1.0,1.0
3.3099999999999996,11.009,2.4939999999999998,1.0,1.0
3.32,11.104,2.5065,1.0,1.0
3.33,11.202,2.5195,1.0,1.0
3.34,11.303,2.5324999999999998,1.0,1.0
3.35,11.408,2.5465,1.0,1.0
3.3600000000000003,11.516,2.5605,1.0,1.0
3.37,11.6275,2.575,1.0,1.0
3.38,11.743,2.5905,1.0,1.0
3.3899999999999997,11.8625,2.606,1.0,1.0
3.4,11.9865,2.6225,1.0,1.0
3.41,12.1145,2.6395,1.0,1.0
3.42,12.247,2.657,1.0,1.0
3.43,12.3845,2.675,1.0,1.0
3.4400000000000004,12.527,2.694,1.0,1.0
3.45,12.6745,2.7135,1.0,1.0
3.46,12.828,2.734,1.0,1.0
3.4699999999999998,12.9875,2.755,1.0,1.0
3.48,13.1535,2.777,1.0,1.0
3.49,13.3255,2.8,1.0,1.0
3.5,-0.5,2.824,1.0,1.0
3.5100000000000002,-0.5,2.8485,1.0,1.0
3.52,-0.5,2.8745000000000003,1.01,1.0
3.5300000000000002,-0.5,2.9015,1.02,1.0
3.54,-0.5,2.9295,1.031,1.0
3.55,-0.5,2.959,1.043,1.0
3.56,-0.5,2.99,1.055,1.0
3.57,-0.5,3.0225,1.067,1.0
3.58,-0.5,3.056,1.081,1.0
3.5900000000000003,-0.5,3.0915,1.095,1.0
3.6,-0.5,3.129,1.109,1.0
3.61,-0.5,3.168,1.125,1.0
3.6199999999999997,-0.5,3.209,1.141,1.0
3.63,-0.5,3.2525,1.158,1.0
3.64,-0.5,3.2985,1.176,1.0
3.65,-0.5,3.347,1.195,1.0
3.66,-0.5,3.398,1.216,1.0
3.67,-0.5,3.452,1.237,1.0
3.68,-0.5,3.5095,1.26,1.0
3.69,-0.5,3.5705,1.284,1.0
3.6999999999999997,-0.5,3.636,1.31,1.0
3.71,-0.5,3.705,1.338,1.0
3.7199999999999998,-0.5,3.7795,1.367,1.0
3.73,-0.5,3.859,1.399,1.0
3.74,-0.5,3.9445,1.433,1.0
3.75,-0.5,4.0365,1.469,1.0
3.7600000000000002,-0.5,4.1355,1.509,1.0
3.7699999999999996,-0.5,4.243,1.551,1.0
3.78,-0.5,4.359999999999999,1.597,1.0
3.79,-0.5,4.4875,1.648,1.0
3.8,-0.5,4.627,1.703,1.0
3.81,-0.5,4.7805,1.763,1.0
3.8200000000000003,-0.5,4.9495000000000005,1.83,1.0
3.83,-0.5,5.138,1.903,1.0
3.8400000000000003,-0.5,5.348,1.985,1.0
3.8499999999999996,-0.5,5.5845,2.0385,1.0
3.86,-0.5,5.852,2.0905,1.0
3.87,-0.5,6.1575,2.149,1.0
3.88,-0.5,6.5105,2.217,1.0
3.89,-0.5,6.922,2.295,1.0
3.9000000000000004,-0.5,7.409,2.387,1.0
3.91,-0.5,7.994,2.4965,1.0
3.92,-0.5,8.711,2.6295,1.0
3.9299999999999997,-0.5,9.6105,2.794,1.0
3.94,-0.5,10.7755,3.0035,1.0
3.95,-0.5,12.347,3.2805,1.0
3.96,-0.5,-0.5,3.6655,1.0
3.97,-0.5,-0.5,4.2405,1.0
3.98,-0.5,-0.5,5.207,1.0
3.99,-0.5,-0.5,7.2515,1.0
4.0,-0.5,-0.5,-0.5,1.0
4.01,-0.5,-0.5,-0.5,1.0
4.02,-0.5,-0.5,-0.5,1.0
4.03,-0.5,-0.5,-0.5,1.0
4.04,-0.5,-0.5,-0.5,1.0
4.05,-0.5,-0.5,-0.5,1.0
4.0600000000000005,-0.5,-0.5,-0.5,1.0
4.07,-0.5,-0.5,-0.5,1.0
4.08,-0.5,-0.5,-0.5,1.0
4.09,-0.5,-0.5,-0.5,1.0
4.1,-0.5,-0.5,-0.5,1.0
4.11,-0.5,-0.5,-0.5,1.0
4.12,-0.5,-0.5,-0.5,1.0
4.13,-0.5,-0.5,-0.5,1.0
4.140000000000001,-0.5,-0.5,-0.5,1.0
4.15,-0.5,-0.5,-0.5,1.0
4.16,-0.5,-0.5,-0.5,1.0
4.17,-0.5,-0.5,-0.5,1.0
4.18,-0.5,-0.5,-0.5,1.0
4.19,-0.5,-0.5,-0.5,1.0
4.2,-0.5,-0.5,-0.5,1.0
4.21,-0.5,-0.5,-0.5,1.0
4.220000000000001,-0.5,-0.5,-0.5,1.0
4.2299999999999995,-0.5,-0.5,-0.5,1.0
4.24,-0.5,-0.5,-0.5,1.0
4.25,-0.5,-0.5,-0.5,1.0
4.26,-0.5,-0.5,-0.5,1.0
4.27,-0.5,-0.5,-0.5,1.0
4.28,-0.5,-0.5,-0.5,1.0
4.29,-0.5,-0.5,-0.5,1.0
4.3,-0.5,-0.5,-0.5,1.0
4.31,-0.5,-0.5,-0.5,1.0
4.32,-0.5,-0.5,-0.5,1.0
4.33,-0.5,-0.5,-0.5,1.0
4.34,-0.5,-0.5,-0.5,1.0
4.35,-0.5,-0.5,-0.5,1.0
4.36,-0.5,-0.5,-0.5,1.0
4.37,-0.5,-0.5,-0.5,1.0
4.38,-0.5,-0.5,-0.5,1.0
4.39,-0.5,-0.5,-0.5,1.0
4.3999999999999995,-0.5,-0.5,-0.5,1.0
4.41,-0.5,-0.5,-0.5,1.0
4.42,-0.5,-0.5,-0.5,1.0
4.43,-0.5,-0.5,-0.5,1.0
4.44,-0.5,-0.5,-0.5,1.0
4.45,-0.5,-0.5,-0.5,1.0
4.46,-0.5,-0.5,-0.5,1.0
4.47,-0.5,-0.5,-0.5,1.0
4.4799999999999995,-0.5,-0.5,-0.5,1.0
4.49,-0.5,-0.5,-0.5,1.0
4.5,-0.5,-0.5,-0.5,1.0
