coli,colx,coly,colz,colN,colG3,colG4
1,1,1,1,258.0,0.5052485512838638,0.5281391385808994
2,1,1,2,270.0,0.4363988842757534,0.5939416125293351
3,1,1,3,232.0,0.49564186788266135,0.5691361100651954
4,1,1,4,252.0,0.5734584119323487,0.47670422916394173
5,1,1,5,254.0,0.6149548671849907,0.4307491742449506
6,1,1,6,32.0,-1.0,-1.0
7,1,2,1,248.0,0.4970029022128555,0.5505248076922107
8,1,2,2,270.0,0.49079644768653685,0.5410108381261249
9,1,2,3,270.0,0.43679730987547155,0.6016323031336684
10,1,2,4,292.0,0.3724785632166554,0.6516219799290635
11,1,2,5,300.0,0.3124828970323424,0.6511715257316417
12,1,2,6,0.0,-1.0,-1.0
13,1,3,1,268.0,0.4518688300061783,0.5932714262732535
14,1,3,2,270.0,0.46123070014298334,0.589606762170391
15,1,3,3,280.0,0.41018706639173463,0.6356932788028544
16,1,3,4,326.0,0.26063586625053936,0.7453008852412576
17,1,3,5,26.0,-1.0,-1.0
18,1,3,6,0.0,-1.0,-1.0
19,1,4,1,258.0,0.5066657693915999,0.5463755053068392
20,1,4,2,282.0,0.41444204369175,0.6241285065749835
21,1,4,3,282.0,0.40759665159089536,0.6310472177088693
22,1,4,4,214.0,0.375613352557979,0.43581400157665107
23,1,4,5,0.0,-1.0,-1.0
24,1,4,6,0.0,-1.0,-1.0
25,1,5,1,266.0,0.4009395753726795,0.657407642744425
26,1,5,2,288.0,0.44511423843362063,0.6052183425591092
27,1,5,3,276.0,0.35488798163109,0.6595879198421963
28,1,5,4,12.0,-1.0,-1.0
29,1,5,5,0.0,-1.0,-1.0
30,1,5,6,0.0,-1.0,-1.0
31,1,6,1,282.0,0.48930609081525356,0.5751388101250009
32,1,6,2,266.0,0.4349615180632493,0.5962435639030002
33,1,6,3,278.0,0.3386970134044575,0.6687328751933932
34,1,6,4,0.0,-1.0,-1.0
35,1,6,5,0.0,-1.0,-1.0
36,1,6,6,0.0,-1.0,-1.0
37,1,7,1,276.0,0.44494327628675745,0.5962081236561148
38,1,7,2,254.0,0.3734644118704494,0.6759483593717095
39,1,7,3,280.0,0.34902805855433405,0.6286863798983061
40,1,7,4,0.0,-1.0,-1.0
41,1,7,5,0.0,-1.0,-1.0
42,1,7,6,-1.0,-1.0,-1.0
43,1,8,1,256.0,0.4514252064893241,0.5779706181824938
44,1,8,2,288.0,0.4465858235091367,0.5871037210218428
45,1,8,3,293.0,0.30753832695176114,0.7105286435990905
46,1,8,4,-1.0,-1.0,-1.0
47,1,8,5,-1.0,-1.0,-1.0
48,1,8,6,-1.0,-1.0,-1.0
49,1,9,1,260.0,0.43106715166687226,0.6204866071597616
50,1,9,2,274.0,0.45638166256895046,0.5883209021512585
51,1,9,3,296.0,0.3225089858855648,0.5950792663981607
52,1,9,4,-1.0,-1.0,-1.0
53,1,9,5,-1.0,-1.0,-1.0
54,1,9,6,-1.0,-1.0,-1.0
55,1,10,1,286.0,0.4379245708293111,0.6134441188538504
56,1,10,2,274.0,0.44139451666355917,0.6091511267640346
57,1,10,3,334.0,0.3136948839483933,0.5537805122875857
58,1,10,4,-1.0,-1.0,-1.0
59,1,10,5,-1.0,-1.0,-1.0
60,1,10,6,-1.0,-1.0,-1.0
61,1,11,1,286.0,0.44294873733812234,0.6100841140694371
62,1,11,2,300.0,0.3386470159368462,0.7381937690609831
63,1,11,3,316.0,0.2970777046559103,0.45799834740239914
64,1,11,4,-1.0,-1.0,-1.0
65,1,11,5,-1.0,-1.0,-1.0
66,1,11,6,-1.0,-1.0,-1.0
67,1,12,1,286.0,0.4450775376817649,0.6176739826927471
68,1,12,2,308.0,0.39914854940894845,0.6671666454219556
69,1,12,3,362.0,0.24052215551585013,0.35812608127748574
70,1,12,4,-1.0,-1.0,-1.0
71,1,12,5,-1.0,-1.0,-1.0
72,1,12,6,-1.0,-1.0,-1.0
73,1,13,1,276.0,0.46704094177488564,0.5664286562358041
74,1,13,2,296.0,0.39572702951507166,0.6535991889884347
75,1,13,3,246.0,0.25346646015591945,0.32239893883278026
76,1,13,4,-1.0,-1.0,-1.0
77,1,13,5,-1.0,-1.0,-1.0
78,1,13,6,-1.0,-1.0,-1.0
79,1,14,1,230.0,0.3553154771674725,0.6817126450808401
80,1,14,2,308.0,0.3664593573607898,0.7089408053649585
81,1,14,3,41.0,-1.0,-1.0
82,1,14,4,-1.0,-1.0,-1.0
83,1,14,5,-1.0,-1.0,-1.0
84,1,14,6,-1.0,-1.0,-1.0
85,2,1,1,258.0,0.48818231755050745,0.5831742129517062
86,2,1,2,234.0,0.4840432757769227,0.572763243438963
87,2,1,3,246.0,0.48789037312718253,0.5738928437993946
88,2,1,4,216.0,0.5775309162674858,0.44259493337812555
89,2,1,5,146.0,0.6136784267548739,0.41907643940357053
90,2,1,6,4.0,-1.0,-1.0
91,2,2,1,256.0,0.4288236518386952,0.6166653726231597
92,2,2,2,250.0,0.4420331904475696,0.6346337900810581
93,2,2,3,264.0,0.4161533658257669,0.6363837191440892
94,2,2,4,282.0,0.32085135704171497,0.6736434804822086
95,2,2,5,288.0,0.3484528171846909,0.40280472694345676
96,2,2,6,0.0,-1.0,-1.0
97,2,3,1,258.0,0.4291224110764472,0.6516279298560204
98,2,3,2,264.0,0.47204744111117974,0.5944502669479028
99,2,3,3,266.0,0.3843214444637084,0.6964261397008484
100,2,3,4,290.0,0.3270413432544034,0.5101860801622937
101,2,3,5,18.0,-1.0,-1.0
102,2,3,6,0.0,-1.0,-1.0
103,2,4,1,278.0,0.42829104703238563,0.6207515913372044
104,2,4,2,256.0,0.4084565953978356,0.654647997808948
105,2,4,3,300.0,0.3351445901506072,0.7200857148591108
106,2,4,4,12.0,-1.0,-1.0
107,2,4,5,0.0,-1.0,-1.0
108,2,4,6,0.0,-1.0,-1.0
109,2,5,1,256.0,0.4451266776664271,0.6099092289167335
110,2,5,2,288.0,0.4640503052681525,0.5903096890828095
111,2,5,3,302.0,0.3023734216097402,0.7219002567569487
112,2,5,4,0.0,-1.0,-1.0
113,2,5,5,0.0,-1.0,-1.0
114,2,5,6,0.0,-1.0,-1.0
115,2,6,1,274.0,0.4290635601286333,0.6648003560212088
116,2,6,2,282.0,0.3778146393466238,0.6627746756073722
117,2,6,3,286.0,0.26216816983567043,0.7325150231554659
118,2,6,4,0.0,-1.0,-1.0
119,2,6,5,0.0,-1.0,-1.0
120,2,6,6,0.0,-1.0,-1.0
121,2,7,1,306.0,0.46028817882216566,0.6130162572671689
122,2,7,2,260.0,0.424082165617649,0.6170855424896192
123,2,7,3,294.0,0.29526706313569984,0.670632046970873
124,2,7,4,-1.0,-1.0,-1.0
125,2,7,5,-1.0,-1.0,-1.0
126,2,7,6,26.0,-1.0,-1.0
127,2,8,1,270.0,0.4633469949378828,0.6013544826602688
128,2,8,2,288.0,0.39402610139075256,0.687693161946173
129,2,8,3,310.0,0.31598695704000973,0.5373347578916841
130,2,8,4,-1.0,-1.0,-1.0
131,2,8,5,-1.0,-1.0,-1.0
132,2,8,6,-1.0,-1.0,-1.0
133,2,9,1,272.0,0.4485876597892585,0.5707791969219118
134,2,9,2,262.0,0.3729346104990144,0.691170018994207
135,2,9,3,336.0,0.25605876487048845,0.3626044831472463
136,2,9,4,-1.0,-1.0,-1.0
137,2,9,5,-1.0,-1.0,-1.0
138,2,9,6,-1.0,-1.0,-1.0
139,2,10,1,260.0,0.4377029755436329,0.6116673187374629
140,2,10,2,254.0,0.3486256604971744,0.6960138147255025
141,2,10,3,271.0,0.30458357720356166,0.37501486904071785
142,2,10,4,-1.0,-1.0,-1.0
143,2,10,5,-1.0,-1.0,-1.0
144,2,10,6,-1.0,-1.0,-1.0
145,2,11,1,286.0,0.3752363697910911,0.6890379769213639
146,2,11,2,306.0,0.33195939395470203,0.7510122151268722
147,2,11,3,33.0,-1.0,-1.0
148,2,11,4,-1.0,-1.0,-1.0
149,2,11,5,-1.0,-1.0,-1.0
150,2,11,6,-1.0,-1.0,-1.0
151,2,12,1,256.0,0.42843919748382275,0.6241780305133074
152,2,12,2,284.0,0.30281469857116133,0.7495441913915624
153,2,12,3,16.0,-1.0,-1.0
154,2,12,4,-1.0,-1.0,-1.0
155,2,12,5,-1.0,-1.0,-1.0
156,2,12,6,-1.0,-1.0,-1.0
157,2,13,1,272.0,0.36030521240033425,0.6767284666987892
158,2,13,2,268.0,0.30996321458118903,0.6982087832654892
159,2,13,3,22.0,-1.0,-1.0
160,2,13,4,-1.0,-1.0,-1.0
161,2,13,5,-1.0,-1.0,-1.0
162,2,13,6,-1.0,-1.0,-1.0
163,2,14,1,298.0,0.3733324861779256,0.6898584132557972
164,2,14,2,292.0,0.3095904694378746,0.732030496213808
165,2,14,3,0.0,-1.0,-1.0
166,2,14,4,-1.0,-1.0,-1.0
167,2,14,5,-1.0,-1.0,-1.0
168,2,14,6,-1.0,-1.0,-1.0
169,3,1,1,260.0,0.4054115724211713,0.6455281839940475
170,3,1,2,240.0,0.47006694898623486,0.612131457545092
171,3,1,3,236.0,0.5516976023042469,0.5075822262972285
172,3,1,4,150.0,0.6366763207096955,0.3974699958329343
173,3,1,5,54.0,0.5932920828601127,0.39514320940507325
174,3,1,6,2.0,-1.0,-1.0
175,3,2,1,284.0,0.47293896679215164,0.5995593381810089
176,3,2,2,230.0,0.38114644393629904,0.7040221006201693
177,3,2,3,232.0,0.40275948085945185,0.6878636299397265
178,3,2,4,290.0,0.2789510468383055,0.7360599116665206
179,3,2,5,298.0,0.3492062956264222,0.42287952783651717
180,3,2,6,0.0,-1.0,-1.0
181,3,3,1,270.0,0.4352199010879606,0.6120378241847756
182,3,3,2,250.0,0.4927889098528156,0.5650385749403559
183,3,3,3,266.0,0.32840376898652707,0.7296470554424234
184,3,3,4,338.0,0.29532418805850885,0.44253178555177
185,3,3,5,32.0,-1.0,-1.0
186,3,3,6,0.0,-1.0,-1.0
187,3,4,1,280.0,0.4128318803193357,0.6565437619871369
188,3,4,2,304.0,0.40780849619697274,0.6723200199832655
189,3,4,3,260.0,0.28953525359383003,0.7308499147754507
190,3,4,4,0.0,-1.0,-1.0
191,3,4,5,0.0,-1.0,-1.0
192,3,4,6,0.0,-1.0,-1.0
193,3,5,1,284.0,0.4538268867311005,0.6477428981549482
194,3,5,2,262.0,0.3753908704572978,0.6869256847947564
195,3,5,3,246.0,0.25304434402664866,0.7853922315891289
196,3,5,4,0.0,-1.0,-1.0
197,3,5,5,0.0,-1.0,-1.0
198,3,5,6,0.0,-1.0,-1.0
199,3,6,1,276.0,0.377373516475509,0.6667273455124898
200,3,6,2,272.0,0.3781058706106163,0.7055642261709235
201,3,6,3,306.0,0.23489583816224593,0.7847057564406668
202,3,6,4,0.0,-1.0,-1.0
203,3,6,5,0.0,-1.0,-1.0
204,3,6,6,0.0,-1.0,-1.0
205,3,7,1,260.0,0.4528053814074546,0.6214619623144618
206,3,7,2,274.0,0.373480338507549,0.6578639381781543
207,3,7,3,312.0,0.2733609303259417,0.6421684127657549
208,3,7,4,0.0,-1.0,-1.0
209,3,7,5,-1.0,-1.0,-1.0
210,3,7,6,0.0,-1.0,-1.0
211,3,8,1,266.0,0.44525239931749927,0.6114507812548774
212,3,8,2,258.0,0.2761708907907709,0.799143116134151
213,3,8,3,334.0,0.30591774131382315,0.5014076162901988
214,3,8,4,0.0,-1.0,-1.0
215,3,8,5,-1.0,-1.0,-1.0
216,3,8,6,-1.0,-1.0,-1.0
217,3,9,1,260.0,0.3640117150967592,0.7111810148970368
218,3,9,2,268.0,0.3459964634814241,0.7191707679623
219,3,9,3,324.0,0.2500309143261127,0.3195419331078061
220,3,9,4,-1.0,-1.0,-1.0
221,3,9,5,-1.0,-1.0,-1.0
222,3,9,6,-1.0,-1.0,-1.0
223,3,10,1,262.0,0.3372918441542765,0.7222262800900491
224,3,10,2,260.0,0.3598197826862984,0.6873535332343222
225,3,10,3,103.0,0.48501061072703056,0.4400051713094888
226,3,10,4,-1.0,-1.0,-1.0
227,3,10,5,-1.0,-1.0,-1.0
228,3,10,6,-1.0,-1.0,-1.0
229,3,11,1,266.0,0.3689783858808346,0.6998702017559458
230,3,11,2,286.0,0.2873481689649927,0.7935071005757943
231,3,11,3,26.0,-1.0,-1.0
232,3,11,4,-1.0,-1.0,-1.0
233,3,11,5,-1.0,-1.0,-1.0
234,3,11,6,-1.0,-1.0,-1.0
235,3,12,1,278.0,0.42155654743249915,0.6416379340426409
236,3,12,2,284.0,0.2993801898685182,0.7889540982210418
237,3,12,3,26.0,-1.0,-1.0
238,3,12,4,-1.0,-1.0,-1.0
239,3,12,5,-1.0,-1.0,-1.0
240,3,12,6,-1.0,-1.0,-1.0
241,3,13,1,282.0,0.3665244633671297,0.7011163731921211
242,3,13,2,296.0,0.31121068185570006,0.7456222627936095
243,3,13,3,0.0,-1.0,-1.0
244,3,13,4,-1.0,-1.0,-1.0
245,3,13,5,-1.0,-1.0,-1.0
246,3,13,6,-1.0,-1.0,-1.0
247,3,14,1,282.0,0.34379819452492855,0.7342809727257263
248,3,14,2,282.0,0.309028653546863,0.7287928866960145
249,3,14,3,0.0,-1.0,-1.0
250,3,14,4,-1.0,-1.0,-1.0
251,3,14,5,-1.0,-1.0,-1.0
252,3,14,6,-1.0,-1.0,-1.0
253,4,1,1,292.0,0.48611312733132633,0.6077198428238744
254,4,1,2,246.0,0.401132587613723,0.6715838908743436
255,4,1,3,230.0,0.63285515397245,0.41696149349960926
256,4,1,4,62.0,0.6039593835675635,0.4071419096039919
257,4,1,5,16.0,-1.0,-1.0
258,4,1,6,2.0,-1.0,-1.0
259,4,2,1,260.0,0.4352696467199689,0.634869927549063
260,4,2,2,288.0,0.4882039491080277,0.6146283090276967
261,4,2,3,258.0,0.3547632970565912,0.7097345645461114
262,4,2,4,287.0,0.2534116454038262,0.7897770889943739
263,4,2,5,334.0,0.2692121119437054,0.44079107155334724
264,4,2,6,0.0,-1.0,-1.0
265,4,3,1,268.0,0.38057750314590594,0.6862991972368089
266,4,3,2,308.0,0.4148158119300293,0.674851351006395
267,4,3,3,264.0,0.3003341071478982,0.7412479628290003
268,4,3,4,270.0,0.2874428977015127,0.6469766411349406
269,4,3,5,30.0,-1.0,-1.0
270,4,3,6,0.0,-1.0,-1.0
271,4,4,1,274.0,0.4197930495824032,0.6597032254617194
272,4,4,2,272.0,0.41307745577959576,0.651227091508688
273,4,4,3,280.0,0.29924041403810686,0.7769641182906212
274,4,4,4,20.0,-1.0,-1.0
275,4,4,5,0.0,-1.0,-1.0
276,4,4,6,0.0,-1.0,-1.0
277,4,5,1,256.0,0.38903960647938085,0.6861738171960804
278,4,5,2,264.0,0.3460084885110954,0.6960576869198292
279,4,5,3,272.0,0.3074554733480321,0.7554686811546417
280,4,5,4,0.0,-1.0,-1.0
281,4,5,5,0.0,-1.0,-1.0
282,4,5,6,0.0,-1.0,-1.0
283,4,6,1,252.0,0.4291837888435624,0.64036189691653
284,4,6,2,274.0,0.3907472067193534,0.6918239104497544
285,4,6,3,274.0,0.26293713227494425,0.7949223148720672
286,4,6,4,0.0,-1.0,-1.0
287,4,6,5,0.0,-1.0,-1.0
288,4,6,6,0.0,-1.0,-1.0
289,4,7,1,290.0,0.4790946632870273,0.6219106968626751
290,4,7,2,258.0,0.38273826500228336,0.6936221150835159
291,4,7,3,252.0,0.23734490855100565,0.8245796929867234
292,4,7,4,0.0,-1.0,-1.0
293,4,7,5,0.0,-1.0,-1.0
294,4,7,6,0.0,-1.0,-1.0
295,4,8,1,290.0,0.43220962001062396,0.6449454637118586
296,4,8,2,300.0,0.37885801415590376,0.6899655832696086
297,4,8,3,278.0,0.24517012492633247,0.7648477652524148
298,4,8,4,0.0,-1.0,-1.0
299,4,8,5,0.0,-1.0,-1.0
300,4,8,6,-1.0,-1.0,-1.0
301,4,9,1,290.0,0.33862859106096643,0.7410037059173548
302,4,9,2,306.0,0.3852500303703597,0.6991795133885997
303,4,9,3,315.0,0.2958230051401985,0.7078432583622287
304,4,9,4,0.0,-1.0,-1.0
305,4,9,5,-1.0,-1.0,-1.0
306,4,9,6,-1.0,-1.0,-1.0
307,4,10,1,306.0,0.37183810783259225,0.7283916146467386
308,4,10,2,268.0,0.307838966929199,0.7642886523159588
309,4,10,3,310.0,0.2848066887578462,0.6777405819981266
310,4,10,4,0.0,-1.0,-1.0
311,4,10,5,-1.0,-1.0,-1.0
312,4,10,6,-1.0,-1.0,-1.0
313,4,11,1,274.0,0.3681018659653376,0.7137218124191806
314,4,11,2,266.0,0.34281603560692653,0.7376496273833288
315,4,11,3,324.0,0.2865732120195633,0.6291294766024782
316,4,11,4,0.0,-1.0,-1.0
317,4,11,5,-1.0,-1.0,-1.0
318,4,11,6,-1.0,-1.0,-1.0
319,4,12,1,292.0,0.3344298114850357,0.7431025980288927
320,4,12,2,264.0,0.32494265878242656,0.7371858805188599
321,4,12,3,285.0,0.3954186507795482,0.5066212758940541
322,4,12,4,0.0,-1.0,-1.0
323,4,12,5,-1.0,-1.0,-1.0
324,4,12,6,-1.0,-1.0,-1.0
325,4,13,1,296.0,0.3577498461086,0.7516022484328855
326,4,13,2,276.0,0.27144733901767976,0.818451318533939
327,4,13,3,65.0,0.4086548178323616,0.45871266510273867
328,4,13,4,-1.0,-1.0,-1.0
329,4,13,5,-1.0,-1.0,-1.0
330,4,13,6,-1.0,-1.0,-1.0
331,4,14,1,278.0,0.3238495532167316,0.7484151980058059
332,4,14,2,276.0,0.32457240372245094,0.7540865827810481
333,4,14,3,63.0,0.4267725658247782,0.42692505894485977
334,4,14,4,-1.0,-1.0,-1.0
335,4,14,5,-1.0,-1.0,-1.0
336,4,14,6,-1.0,-1.0,-1.0
337,5,1,1,268.0,0.4466707528784799,0.6456212409123727
338,5,1,2,246.0,0.536304891539554,0.5329797836918294
339,5,1,3,198.0,0.6578968660775826,0.3693870750587016
340,5,1,4,16.0,-1.0,-1.0
341,5,1,5,10.0,-1.0,-1.0
342,5,1,6,2.0,-1.0,-1.0
343,5,2,1,248.0,0.3815983119306433,0.6981019614019579
344,5,2,2,278.0,0.4442438087191507,0.6502357682336313
345,5,2,3,234.0,0.34614338936325584,0.7547899788790098
346,5,2,4,240.0,0.37626189574086294,0.664400337798854
347,5,2,5,270.0,0.2317501766729111,0.7903055661964399
348,5,2,6,0.0,-1.0,-1.0
349,5,3,1,236.0,0.38478785463816834,0.6893017246603232
350,5,3,2,268.0,0.46762140545825304,0.6013511527468103
351,5,3,3,290.0,0.4025263194920847,0.6935185008463925
352,5,3,4,256.0,0.3583017392490782,0.7037550494766758
353,5,3,5,272.0,0.3672941474550891,0.7125302632615631
354,5,3,6,0.0,-1.0,-1.0
355,5,4,1,242.0,0.3438555746225522,0.7565955529293504
356,5,4,2,266.0,0.4559347552556964,0.633293325751774
357,5,4,3,254.0,0.4453721989282788,0.6194374637398861
358,5,4,4,244.0,0.6805924914466059,0.3854994832307823
359,5,4,5,0.0,-1.0,-1.0
360,5,4,6,0.0,-1.0,-1.0
361,5,5,1,246.0,0.4385643803241001,0.6317061628096742
362,5,5,2,262.0,0.4306716960089817,0.6538448857929625
363,5,5,3,234.0,0.6193536418114065,0.4492137111039317
364,5,5,4,184.0,0.659932268312141,0.3402784903119689
365,5,5,5,0.0,-1.0,-1.0
366,5,5,6,-1.0,-1.0,-1.0
367,5,6,1,262.0,0.3982885087687385,0.7060189264205143
368,5,6,2,278.0,0.4376962453334121,0.6717914934887247
369,5,6,3,248.0,0.663855357145001,0.4059708488888031
370,5,6,4,128.0,0.631911907866464,0.3863366532782575
371,5,6,5,96.0,0.5886246793217937,0.3968415595585688
372,5,6,6,-1.0,-1.0,-1.0
373,5,7,1,262.0,0.43415692974463016,0.6593059495942537
374,5,7,2,262.0,0.5256838393874959,0.5714848294753868
375,5,7,3,218.0,0.692154674463917,0.39802239022680425
376,5,7,4,84.0,0.6444580574538914,0.3916389604220595
377,5,7,5,30.0,-1.0,-1.0
378,5,7,6,-1.0,-1.0,-1.0
379,5,8,1,258.0,0.4052174811486147,0.6561282567692416
380,5,8,2,290.0,0.5377910420748583,0.542551740050525
381,5,8,3,224.0,0.6555276638167488,0.4341305802674421
382,5,8,4,54.0,0.6291058607475141,0.3762483742232732
383,5,8,5,12.0,-1.0,-1.0
384,5,8,6,-1.0,-1.0,-1.0
385,5,9,1,264.0,0.43507528842344045,0.6538925302871003
386,5,9,2,272.0,0.49131979596732644,0.58895925571555
387,5,9,3,220.0,0.6442859941799269,0.42005100507334175
388,5,9,4,36.0,-1.0,-1.0
389,5,9,5,8.0,-1.0,-1.0
390,5,9,6,-1.0,-1.0,-1.0
391,5,10,1,254.0,0.44252899847192756,0.6169937998832522
392,5,10,2,262.0,0.4881508878879807,0.5890997378588061
393,5,10,3,208.0,0.6724949736634833,0.36620816076342905
394,5,10,4,22.0,-1.0,-1.0
395,5,10,5,6.0,-1.0,-1.0
396,5,10,6,0.0,-1.0,-1.0
397,5,11,1,270.0,0.5500884652823246,0.5485868033655082
398,5,11,2,252.0,0.4903164622378051,0.5872756319645801
399,5,11,3,185.0,0.6337213814675703,0.4010815639110164
400,5,11,4,16.0,-1.0,-1.0
401,5,11,5,4.0,-1.0,-1.0
402,5,11,6,0.0,-1.0,-1.0
403,5,12,1,260.0,0.4002295488402623,0.6886147678906517
404,5,12,2,232.0,0.38847661221446217,0.693414027076089
405,5,12,3,176.0,0.7681233998089514,0.28399446079403545
406,5,12,4,14.0,-1.0,-1.0
407,5,12,5,4.0,-1.0,-1.0
408,5,12,6,2.0,-1.0,-1.0
409,5,13,1,240.0,0.4852361358046976,0.5901639464947545
410,5,13,2,244.0,0.6081500377538298,0.49989236681728766
411,5,13,3,162.0,0.681164262911267,0.3470200203121229
412,5,13,4,8.0,-1.0,-1.0
413,5,13,5,2.0,-1.0,-1.0
414,5,13,6,0.0,-1.0,-1.0
415,5,14,1,286.0,0.4972294383826842,0.5995348242374225
416,5,14,2,216.0,0.5012906316012092,0.5721164837273804
417,5,14,3,142.0,0.6878207879465902,0.3702742960108456
418,5,14,4,10.0,-1.0,-1.0
419,5,14,5,6.0,-1.0,-1.0
420,5,14,6,4.0,-1.0,-1.0
421,6,1,1,274.0,0.5175395461551875,0.5532861222007446
422,6,1,2,242.0,0.5759035929211054,0.5179954644252481
423,6,1,3,126.0,0.6777138145895584,0.36406157444230547
424,6,1,4,6.0,-1.0,-1.0
425,6,1,5,6.0,-1.0,-1.0
426,6,1,6,0.0,-1.0,-1.0
427,6,2,1,252.0,0.3216757169100776,0.7809543091653625
428,6,2,2,270.0,0.37411575223575455,0.6878880992356248
429,6,2,3,254.0,0.42434929847454933,0.638444474862515
430,6,2,4,210.0,0.6903230438578863,0.3824428821016603
431,6,2,5,158.0,0.6948052496686035,0.3418937404564763
432,6,2,6,0.0,-1.0,-1.0
433,6,3,1,268.0,0.4521508659713805,0.64517625349298
434,6,3,2,280.0,0.46524596915075894,0.6162836493695292
435,6,3,3,222.0,0.5288841456954393,0.534631163487565
436,6,3,4,98.0,0.6569133652272613,0.3444765038986267
437,6,3,5,26.0,-1.0,-1.0
438,6,3,6,0.0,-1.0,-1.0
439,6,4,1,250.0,0.392218310150774,0.7033920663442401
440,6,4,2,238.0,0.515821864057967,0.5728908583719242
441,6,4,3,202.0,0.711017903053593,0.3698480447217444
442,6,4,4,18.0,-1.0,-1.0
443,6,4,5,12.0,-1.0,-1.0
444,6,4,6,0.0,-1.0,-1.0
445,6,5,1,262.0,0.3960911935666387,0.7034997289930957
446,6,5,2,274.0,0.6399694608759279,0.4391113168179372
447,6,5,3,130.0,0.6895910293354341,0.3538628895170003
448,6,5,4,8.0,-1.0,-1.0
449,6,5,5,4.0,-1.0,-1.0
450,6,5,6,2.0,-1.0,-1.0
451,6,6,1,262.0,0.6110617936681709,0.48552429580545364
452,6,6,2,244.0,0.6269867474825034,0.454189554520744
453,6,6,3,93.0,0.6655791905437897,0.35762977283441283
454,6,6,4,2.0,-1.0,-1.0
455,6,6,5,6.0,-1.0,-1.0
456,6,6,6,0.0,-1.0,-1.0
457,6,7,1,236.0,0.5494933462011429,0.5532808964185826
458,6,7,2,232.0,0.6564318434868102,0.41549967147035327
459,6,7,3,56.0,0.6364702725324317,0.3660949963106154
460,6,7,4,4.0,-1.0,-1.0
461,6,7,5,2.0,-1.0,-1.0
462,6,7,6,2.0,-1.0,-1.0
463,6,8,1,228.0,0.4901279801418521,0.6033673372610299
464,6,8,2,232.0,0.6352077785048129,0.44061482049414324
465,6,8,3,42.0,-1.0,-1.0
466,6,8,4,0.0,-1.0,-1.0
467,6,8,5,0.0,-1.0,-1.0
468,6,8,6,0.0,-1.0,-1.0
469,6,9,1,262.0,0.6476790745114807,0.44854130391972746
470,6,9,2,216.0,0.7488895262448435,0.3411495683351828
471,6,9,3,32.0,-1.0,-1.0
472,6,9,4,4.0,-1.0,-1.0
473,6,9,5,0.0,-1.0,-1.0
474,6,9,6,0.0,-1.0,-1.0
475,6,10,1,230.0,0.6869096060430864,0.4081453495807728
476,6,10,2,208.0,0.7168383033965829,0.33072087807707334
477,6,10,3,22.0,-1.0,-1.0
478,6,10,4,2.0,-1.0,-1.0
479,6,10,5,4.0,-1.0,-1.0
480,6,10,6,0.0,-1.0,-1.0
481,6,11,1,244.0,0.6238359855248231,0.47969526166404247
482,6,11,2,196.0,0.6827921898285665,0.3743324235498409
483,6,11,3,20.0,-1.0,-1.0
484,6,11,4,0.0,-1.0,-1.0
485,6,11,5,0.0,-1.0,-1.0
486,6,11,6,0.0,-1.0,-1.0
487,6,12,1,220.0,0.6438574238483111,0.3889506636112661
488,6,12,2,160.0,0.6745686550733216,0.36752955796356546
489,6,12,3,18.0,-1.0,-1.0
490,6,12,4,0.0,-1.0,-1.0
491,6,12,5,0.0,-1.0,-1.0
492,6,12,6,4.0,-1.0,-1.0
493,6,13,1,240.0,0.6492024581234727,0.411560025570226
494,6,13,2,170.0,0.7000337587428896,0.3551020073160117
495,6,13,3,8.0,-1.0,-1.0
496,6,13,4,0.0,-1.0,-1.0
497,6,13,5,2.0,-1.0,-1.0
498,6,13,6,2.0,-1.0,-1.0
499,6,14,1,228.0,0.7228614661535433,0.3415853427113892
500,6,14,2,148.0,0.6815840061857606,0.4001576187723725
501,6,14,3,12.0,-1.0,-1.0
502,6,14,4,2.0,-1.0,-1.0
503,6,14,5,2.0,-1.0,-1.0
504,6,14,6,0.0,-1.0,-1.0
505,7,1,1,258.0,0.3957090375628507,0.7028682543040193
506,7,1,2,222.0,0.6477410039963672,0.41247885783482474
507,7,1,3,72.0,0.7049185628557155,0.35009088668071875
508,7,1,4,0.0,-1.0,-1.0
509,7,1,5,0.0,-1.0,-1.0
510,7,1,6,0.0,-1.0,-1.0
511,7,2,1,228.0,0.34097592733026355,0.732291514164138
512,7,2,2,272.0,0.4934640922521296,0.5828329303974964
513,7,2,3,212.0,0.6516009196775816,0.42840045430162904
514,7,2,4,74.0,0.6662509381479786,0.3383367630476449
515,7,2,5,24.0,-1.0,-1.0
516,7,2,6,0.0,-1.0,-1.0
517,7,3,1,234.0,0.42971992156567407,0.6294440415914625
518,7,3,2,228.0,0.5327602001804385,0.5433487299683243
519,7,3,3,182.0,0.7165088744592482,0.3514880954238037
520,7,3,4,8.0,-1.0,-1.0
521,7,3,5,2.0,-1.0,-1.0
522,7,3,6,0.0,-1.0,-1.0
523,7,4,1,252.0,0.577402953873745,0.5045420121882949
524,7,4,2,226.0,0.6893713459742441,0.38887598549507496
525,7,4,3,70.0,0.6465103819965659,0.3882524370356289
526,7,4,4,6.0,-1.0,-1.0
527,7,4,5,0.0,-1.0,-1.0
528,7,4,6,0.0,-1.0,-1.0
529,7,5,1,264.0,0.593056040036689,0.4895978216857485
530,7,5,2,200.0,0.7054130479446412,0.37266482930110634
531,7,5,3,30.0,-1.0,-1.0
532,7,5,4,2.0,-1.0,-1.0
533,7,5,5,2.0,-1.0,-1.0
534,7,5,6,2.0,-1.0,-1.0
535,7,6,1,232.0,0.7369393693946565,0.3291890584372859
536,7,6,2,182.0,0.6221752003496036,0.3788996903957163
537,7,6,3,12.0,-1.0,-1.0
538,7,6,4,4.0,-1.0,-1.0
539,7,6,5,4.0,-1.0,-1.0
540,7,6,6,0.0,-1.0,-1.0
541,7,7,1,221.0,0.7028248077890118,0.3870981995567567
542,7,7,2,170.0,0.7092037786092722,0.3411560482578124
543,7,7,3,8.0,-1.0,-1.0
544,7,7,4,0.0,-1.0,-1.0
545,7,7,5,0.0,-1.0,-1.0
546,7,7,6,0.0,-1.0,-1.0
547,7,8,1,198.0,0.7612349711612462,0.3331231836006371
548,7,8,2,138.0,0.6774146825706857,0.38657091599909504
549,7,8,3,8.0,-1.0,-1.0
550,7,8,4,4.0,-1.0,-1.0
551,7,8,5,0.0,-1.0,-1.0
552,7,8,6,2.0,-1.0,-1.0
553,7,9,1,204.0,0.6733410060625304,0.3752865139102618
554,7,9,2,120.0,0.6606080759424194,0.39267090811393285
555,7,9,3,0.0,-1.0,-1.0
556,7,9,4,4.0,-1.0,-1.0
557,7,9,5,4.0,-1.0,-1.0
558,7,9,6,0.0,-1.0,-1.0
559,7,10,1,180.0,0.7922043158952574,0.29041028000760716
560,7,10,2,90.0,0.6589236872364765,0.3347260441669424
561,7,10,3,4.0,-1.0,-1.0
562,7,10,4,0.0,-1.0,-1.0
563,7,10,5,4.0,-1.0,-1.0
564,7,10,6,4.0,-1.0,-1.0
565,7,11,1,188.0,0.6824869302054565,0.37657954146169853
566,7,11,2,78.0,0.5973554415644586,0.3567473896128443
567,7,11,3,2.0,-1.0,-1.0
568,7,11,4,0.0,-1.0,-1.0
569,7,11,5,0.0,-1.0,-1.0
570,7,11,6,0.0,-1.0,-1.0
571,7,12,1,166.0,0.6815150001969176,0.3406287152499547
572,7,12,2,62.0,0.6435264404781162,0.37142210521722563
573,7,12,3,4.0,-1.0,-1.0
574,7,12,4,2.0,-1.0,-1.0
575,7,12,5,0.0,-1.0,-1.0
576,7,12,6,4.0,-1.0,-1.0
577,7,13,1,146.0,0.7054417152284086,0.3377498294501699
578,7,13,2,56.0,0.6422075600400874,0.3874148957660028
579,7,13,3,0.0,-1.0,-1.0
580,7,13,4,0.0,-1.0,-1.0
581,7,13,5,0.0,-1.0,-1.0
582,7,13,6,2.0,-1.0,-1.0
583,7,14,1,128.0,0.6961837657660447,0.34554172502867975
584,7,14,2,48.0,-1.0,-1.0
585,7,14,3,2.0,-1.0,-1.0
586,7,14,4,0.0,-1.0,-1.0
587,7,14,5,4.0,-1.0,-1.0
588,7,14,6,0.0,-1.0,-1.0
589,8,1,1,242.0,0.7255802085537184,0.35091468970373507
590,8,1,2,210.0,0.7460768071786089,0.3218925589578223
591,8,1,3,30.0,-1.0,-1.0
592,8,1,4,2.0,-1.0,-1.0
593,8,1,5,0.0,-1.0,-1.0
594,8,1,6,0.0,-1.0,-1.0
595,8,2,1,266.0,0.5312862332641429,0.5551139208465241
596,8,2,2,282.0,0.5213996899903129,0.5580362639807133
597,8,2,3,184.0,0.7703092978684759,0.27496589335704885
598,8,2,4,14.0,-1.0,-1.0
599,8,2,5,2.0,-1.0,-1.0
600,8,2,6,0.0,-1.0,-1.0
601,8,3,1,260.0,0.5329187242213133,0.5458757550564286
602,8,3,2,244.0,0.7307476711094241,0.32812863600981257
603,8,3,3,82.0,0.6729015545729389,0.3372073185744262
604,8,3,4,0.0,-1.0,-1.0
605,8,3,5,4.0,-1.0,-1.0
606,8,3,6,0.0,-1.0,-1.0
607,8,4,1,228.0,0.5895203493698102,0.49808426486780516
608,8,4,2,188.0,0.8202164015794501,0.2534187706190274
609,8,4,3,14.0,-1.0,-1.0
610,8,4,4,2.0,-1.0,-1.0
611,8,4,5,0.0,-1.0,-1.0
612,8,4,6,0.0,-1.0,-1.0
613,8,5,1,226.0,0.707129762341634,0.37170905918499847
614,8,5,2,150.0,0.7242692668179922,0.35969218254332985
615,8,5,3,6.0,-1.0,-1.0
616,8,5,4,0.0,-1.0,-1.0
617,8,5,5,0.0,-1.0,-1.0
618,8,5,6,0.0,-1.0,-1.0
619,8,6,1,198.0,0.6836385337189459,0.38586862774735803
620,8,6,2,106.0,0.6910071842730998,0.29567674146685446
621,8,6,3,2.0,-1.0,-1.0
622,8,6,4,0.0,-1.0,-1.0
623,8,6,5,0.0,-1.0,-1.0
624,8,6,6,0.0,-1.0,-1.0
625,8,7,1,172.0,0.7417815846450277,0.29810931440014987
626,8,7,2,76.0,0.6380546839677812,0.3846213479383737
627,8,7,3,4.0,-1.0,-1.0
628,8,7,4,0.0,-1.0,-1.0
629,8,7,5,0.0,-1.0,-1.0
630,8,7,6,4.0,-1.0,-1.0
631,8,8,1,152.0,0.7119859645107729,0.32649556636836546
632,8,8,2,50.0,-1.0,-1.0
633,8,8,3,0.0,-1.0,-1.0
634,8,8,4,0.0,-1.0,-1.0
635,8,8,5,2.0,-1.0,-1.0
636,8,8,6,0.0,-1.0,-1.0
637,8,9,1,126.0,0.692558495178523,0.3632952715324555
638,8,9,2,36.0,-1.0,-1.0
639,8,9,3,4.0,-1.0,-1.0
640,8,9,4,2.0,-1.0,-1.0
641,8,9,5,0.0,-1.0,-1.0
642,8,9,6,2.0,-1.0,-1.0
643,8,10,1,104.0,0.6672063591951095,0.36490929411628403
644,8,10,2,30.0,-1.0,-1.0
645,8,10,3,0.0,-1.0,-1.0
646,8,10,4,0.0,-1.0,-1.0
647,8,10,5,0.0,-1.0,-1.0
648,8,10,6,0.0,-1.0,-1.0
649,8,11,1,90.0,0.7159058339122039,0.3619585985590058
650,8,11,2,20.0,-1.0,-1.0
651,8,11,3,0.0,-1.0,-1.0
652,8,11,4,0.0,-1.0,-1.0
653,8,11,5,0.0,-1.0,-1.0
654,8,11,6,0.0,-1.0,-1.0
655,8,12,1,72.0,0.7169461425746323,0.33227613390456506
656,8,12,2,22.0,-1.0,-1.0
657,8,12,3,0.0,-1.0,-1.0
658,8,12,4,2.0,-1.0,-1.0
659,8,12,5,0.0,-1.0,-1.0
660,8,12,6,0.0,-1.0,-1.0
661,8,13,1,58.0,0.7109634463189375,0.30234204486150423
662,8,13,2,12.0,-1.0,-1.0
663,8,13,3,0.0,-1.0,-1.0
664,8,13,4,2.0,-1.0,-1.0
665,8,13,5,2.0,-1.0,-1.0
666,8,13,6,0.0,-1.0,-1.0
667,8,14,1,52.0,0.5801749380837217,0.40313324219508656
668,8,14,2,12.0,-1.0,-1.0
669,8,14,3,4.0,-1.0,-1.0
670,8,14,4,4.0,-1.0,-1.0
671,8,14,5,0.0,-1.0,-1.0
672,8,14,6,0.0,-1.0,-1.0
673,9,1,1,242.0,0.6846012286775882,0.394501811097831
674,9,1,2,176.0,0.7502127425773267,0.28625888447589404
675,9,1,3,12.0,-1.0,-1.0
676,9,1,4,0.0,-1.0,-1.0
677,9,1,5,0.0,-1.0,-1.0
678,9,1,6,0.0,-1.0,-1.0
679,9,2,1,238.0,0.4747552266603907,0.6269609022744069
680,9,2,2,244.0,0.5741788349942576,0.502738632704971
681,9,2,3,112.0,0.69009242205861,0.37973031729639634
682,9,2,4,4.0,-1.0,-1.0
683,9,2,5,0.0,-1.0,-1.0
684,9,2,6,0.0,-1.0,-1.0
685,9,3,1,232.0,0.6405638349621218,0.4568226936761768
686,9,3,2,224.0,0.8105015652642673,0.24748856392686994
687,9,3,3,30.0,-1.0,-1.0
688,9,3,4,0.0,-1.0,-1.0
689,9,3,5,0.0,-1.0,-1.0
690,9,3,6,0.0,-1.0,-1.0
691,9,4,1,222.0,0.7715217097036259,0.3164771602787554
692,9,4,2,132.0,0.7102154349456585,0.33949110763588586
693,9,4,3,4.0,-1.0,-1.0
694,9,4,4,0.0,-1.0,-1.0
695,9,4,5,0.0,-1.0,-1.0
696,9,4,6,0.0,-1.0,-1.0
697,9,5,1,164.0,0.7436119401079739,0.32077975178939033
698,9,5,2,72.0,0.6668029779139798,0.3835476537776592
699,9,5,3,4.0,-1.0,-1.0
700,9,5,4,0.0,-1.0,-1.0
701,9,5,5,2.0,-1.0,-1.0
702,9,5,6,0.0,-1.0,-1.0
703,9,6,1,134.0,0.6079392228746022,0.4140364483192541
704,9,6,2,40.0,-1.0,-1.0
705,9,6,3,4.0,-1.0,-1.0
706,9,6,4,0.0,-1.0,-1.0
707,9,6,5,0.0,-1.0,-1.0
708,9,6,6,0.0,-1.0,-1.0
709,9,7,1,98.0,0.749211342788722,0.3024623668163584
710,9,7,2,26.0,-1.0,-1.0
711,9,7,3,0.0,-1.0,-1.0
712,9,7,4,0.0,-1.0,-1.0
713,9,7,5,0.0,-1.0,-1.0
714,9,7,6,0.0,-1.0,-1.0
715,9,8,1,72.0,0.6720938663374495,0.32519917028443096
716,9,8,2,16.0,-1.0,-1.0
717,9,8,3,2.0,-1.0,-1.0
718,9,8,4,0.0,-1.0,-1.0
719,9,8,5,0.0,-1.0,-1.0
720,9,8,6,0.0,-1.0,-1.0
721,9,9,1,62.0,0.5773111896077923,0.40683728427942223
722,9,9,2,8.0,-1.0,-1.0
723,9,9,3,0.0,-1.0,-1.0
724,9,9,4,0.0,-1.0,-1.0
725,9,9,5,0.0,-1.0,-1.0
726,9,9,6,4.0,-1.0,-1.0
727,9,10,1,36.0,-1.0,-1.0
728,9,10,2,6.0,-1.0,-1.0
729,9,10,3,0.0,-1.0,-1.0
730,9,10,4,0.0,-1.0,-1.0
731,9,10,5,0.0,-1.0,-1.0
732,9,10,6,0.0,-1.0,-1.0
733,9,11,1,30.0,-1.0,-1.0
734,9,11,2,6.0,-1.0,-1.0
735,9,11,3,4.0,-1.0,-1.0
736,9,11,4,0.0,-1.0,-1.0
737,9,11,5,4.0,-1.0,-1.0
738,9,11,6,0.0,-1.0,-1.0
739,9,12,1,26.0,-1.0,-1.0
740,9,12,2,4.0,-1.0,-1.0
741,9,12,3,0.0,-1.0,-1.0
742,9,12,4,0.0,-1.0,-1.0
743,9,12,5,0.0,-1.0,-1.0
744,9,12,6,2.0,-1.0,-1.0
745,9,13,1,20.0,-1.0,-1.0
746,9,13,2,4.0,-1.0,-1.0
747,9,13,3,0.0,-1.0,-1.0
748,9,13,4,0.0,-1.0,-1.0
749,9,13,5,0.0,-1.0,-1.0
750,9,13,6,0.0,-1.0,-1.0
751,9,14,1,12.0,-1.0,-1.0
752,9,14,2,6.0,-1.0,-1.0
753,9,14,3,0.0,-1.0,-1.0
754,9,14,4,0.0,-1.0,-1.0
755,9,14,5,0.0,-1.0,-1.0
756,9,14,6,0.0,-1.0,-1.0
757,10,1,1,208.0,0.7976898074038637,0.2754410472261911
758,10,1,2,140.0,0.7706035279557705,0.26667210833336435
759,10,1,3,6.0,-1.0,-1.0
760,10,1,4,4.0,-1.0,-1.0
761,10,1,5,0.0,-1.0,-1.0
762,10,1,6,0.0,-1.0,-1.0
763,10,2,1,242.0,0.6329715047539642,0.4446636821514255
764,10,2,2,236.0,0.8379991263546392,0.2514598864480995
765,10,2,3,48.0,-1.0,-1.0
766,10,2,4,0.0,-1.0,-1.0
767,10,2,5,0.0,-1.0,-1.0
768,10,2,6,4.0,-1.0,-1.0
769,10,3,1,232.0,0.7577851281582989,0.31538890278214
770,10,3,2,176.0,0.8148317796652477,0.2465708099051117
771,10,3,3,8.0,-1.0,-1.0
772,10,3,4,0.0,-1.0,-1.0
773,10,3,5,0.0,-1.0,-1.0
774,10,3,6,0.0,-1.0,-1.0
775,10,4,1,170.0,0.8039068526875554,0.2851747539095401
776,10,4,2,68.0,0.6856670050712441,0.3627086075559168
777,10,4,3,2.0,-1.0,-1.0
778,10,4,4,4.0,-1.0,-1.0
779,10,4,5,0.0,-1.0,-1.0
780,10,4,6,0.0,-1.0,-1.0
781,10,5,1,106.0,0.6362027269768109,0.40500257347723684
782,10,5,2,32.0,-1.0,-1.0
783,10,5,3,0.0,-1.0,-1.0
784,10,5,4,0.0,-1.0,-1.0
785,10,5,5,0.0,-1.0,-1.0
786,10,5,6,0.0,-1.0,-1.0
787,10,6,1,66.0,0.6849393006475469,0.3413854389330154
788,10,6,2,14.0,-1.0,-1.0
789,10,6,3,0.0,-1.0,-1.0
790,10,6,4,0.0,-1.0,-1.0
791,10,6,5,0.0,-1.0,-1.0
792,10,6,6,0.0,-1.0,-1.0
793,10,7,1,46.0,-1.0,-1.0
794,10,7,2,10.0,-1.0,-1.0
795,10,7,3,0.0,-1.0,-1.0
796,10,7,4,0.0,-1.0,-1.0
797,10,7,5,0.0,-1.0,-1.0
798,10,7,6,0.0,-1.0,-1.0
799,10,8,1,28.0,-1.0,-1.0
800,10,8,2,6.0,-1.0,-1.0
801,10,8,3,0.0,-1.0,-1.0
802,10,8,4,0.0,-1.0,-1.0
803,10,8,5,0.0,-1.0,-1.0
804,10,8,6,0.0,-1.0,-1.0
805,10,9,1,26.0,-1.0,-1.0
806,10,9,2,2.0,-1.0,-1.0
807,10,9,3,0.0,-1.0,-1.0
808,10,9,4,0.0,-1.0,-1.0
809,10,9,5,0.0,-1.0,-1.0
810,10,9,6,0.0,-1.0,-1.0
811,10,10,1,12.0,-1.0,-1.0
812,10,10,2,4.0,-1.0,-1.0
813,10,10,3,0.0,-1.0,-1.0
814,10,10,4,0.0,-1.0,-1.0
815,10,10,5,0.0,-1.0,-1.0
816,10,10,6,0.0,-1.0,-1.0
817,10,11,1,6.0,-1.0,-1.0
818,10,11,2,0.0,-1.0,-1.0
819,10,11,3,0.0,-1.0,-1.0
820,10,11,4,0.0,-1.0,-1.0
821,10,11,5,4.0,-1.0,-1.0
822,10,11,6,0.0,-1.0,-1.0
823,10,12,1,8.0,-1.0,-1.0
824,10,12,2,0.0,-1.0,-1.0
825,10,12,3,0.0,-1.0,-1.0
826,10,12,4,0.0,-1.0,-1.0
827,10,12,5,0.0,-1.0,-1.0
828,10,12,6,0.0,-1.0,-1.0
829,10,13,1,6.0,-1.0,-1.0
830,10,13,2,0.0,-1.0,-1.0
831,10,13,3,0.0,-1.0,-1.0
832,10,13,4,0.0,-1.0,-1.0
833,10,13,5,0.0,-1.0,-1.0
834,10,13,6,0.0,-1.0,-1.0
835,10,14,1,6.0,-1.0,-1.0
836,10,14,2,4.0,-1.0,-1.0
837,10,14,3,0.0,-1.0,-1.0
838,10,14,4,0.0,-1.0,-1.0
839,10,14,5,0.0,-1.0,-1.0
840,10,14,6,0.0,-1.0,-1.0
841,11,1,1,186.0,0.7387866605614668,0.31593060547614155
842,11,1,2,108.0,0.6424365669380152,0.3662597111426824
843,11,1,3,0.0,-1.0,-1.0
844,11,1,4,2.0,-1.0,-1.0
845,11,1,5,0.0,-1.0,-1.0
846,11,1,6,0.0,-1.0,-1.0
847,11,2,1,234.0,0.7051358737120701,0.3567110129345578
848,11,2,2,202.0,0.8062421773017012,0.27104410910324356
849,11,2,3,20.0,-1.0,-1.0
850,11,2,4,0.0,-1.0,-1.0
851,11,2,5,0.0,-1.0,-1.0
852,11,2,6,0.0,-1.0,-1.0
853,11,3,1,208.0,0.8143543163401614,0.26614324637662046
854,11,3,2,116.0,0.7455021975523797,0.3269399171702539
855,11,3,3,0.0,-1.0,-1.0
856,11,3,4,4.0,-1.0,-1.0
857,11,3,5,0.0,-1.0,-1.0
858,11,3,6,0.0,-1.0,-1.0
859,11,4,1,110.0,0.6564597664250784,0.35608490663337766
860,11,4,2,30.0,-1.0,-1.0
861,11,4,3,0.0,-1.0,-1.0
862,11,4,4,0.0,-1.0,-1.0
863,11,4,5,0.0,-1.0,-1.0
864,11,4,6,0.0,-1.0,-1.0
865,11,5,1,56.0,0.69719839694305,0.37815391270531024
866,11,5,2,12.0,-1.0,-1.0
867,11,5,3,0.0,-1.0,-1.0
868,11,5,4,0.0,-1.0,-1.0
869,11,5,5,0.0,-1.0,-1.0
870,11,5,6,0.0,-1.0,-1.0
871,11,6,1,32.0,-1.0,-1.0
872,11,6,2,4.0,-1.0,-1.0
873,11,6,3,0.0,-1.0,-1.0
874,11,6,4,0.0,-1.0,-1.0
875,11,6,5,0.0,-1.0,-1.0
876,11,6,6,0.0,-1.0,-1.0
877,11,7,1,14.0,-1.0,-1.0
878,11,7,2,0.0,-1.0,-1.0
879,11,7,3,0.0,-1.0,-1.0
880,11,7,4,0.0,-1.0,-1.0
881,11,7,5,0.0,-1.0,-1.0
882,11,7,6,0.0,-1.0,-1.0
883,11,8,1,12.0,-1.0,-1.0
884,11,8,2,0.0,-1.0,-1.0
885,11,8,3,4.0,-1.0,-1.0
886,11,8,4,0.0,-1.0,-1.0
887,11,8,5,0.0,-1.0,-1.0
888,11,8,6,0.0,-1.0,-1.0
889,11,9,1,4.0,-1.0,-1.0
890,11,9,2,0.0,-1.0,-1.0
891,11,9,3,0.0,-1.0,-1.0
892,11,9,4,0.0,-1.0,-1.0
893,11,9,5,0.0,-1.0,-1.0
894,11,9,6,0.0,-1.0,-1.0
895,11,10,1,8.0,-1.0,-1.0
896,11,10,2,0.0,-1.0,-1.0
897,11,10,3,0.0,-1.0,-1.0
898,11,10,4,0.0,-1.0,-1.0
899,11,10,5,0.0,-1.0,-1.0
900,11,10,6,0.0,-1.0,-1.0
901,11,11,1,0.0,-1.0,-1.0
902,11,11,2,0.0,-1.0,-1.0
903,11,11,3,0.0,-1.0,-1.0
904,11,11,4,0.0,-1.0,-1.0
905,11,11,5,0.0,-1.0,-1.0
906,11,11,6,0.0,-1.0,-1.0
907,11,12,1,0.0,-1.0,-1.0
908,11,12,2,0.0,-1.0,-1.0
909,11,12,3,0.0,-1.0,-1.0
910,11,12,4,0.0,-1.0,-1.0
911,11,12,5,0.0,-1.0,-1.0
912,11,12,6,0.0,-1.0,-1.0
913,11,13,1,-1.0,-1.0,-1.0
914,11,13,2,0.0,-1.0,-1.0
915,11,13,3,0.0,-1.0,-1.0
916,11,13,4,0.0,-1.0,-1.0
917,11,13,5,0.0,-1.0,-1.0
918,11,13,6,0.0,-1.0,-1.0
919,11,14,1,-1.0,-1.0,-1.0
920,11,14,2,-1.0,-1.0,-1.0
921,11,14,3,-1.0,-1.0,-1.0
922,11,14,4,-1.0,-1.0,-1.0
923,11,14,5,-1.0,-1.0,-1.0
924,11,14,6,-1.0,-1.0,-1.0
925,12,1,1,146.0,0.7975678839723925,0.31495800292238946
926,12,1,2,64.0,0.633910834977968,0.3281260245786764
927,12,1,3,4.0,-1.0,-1.0
928,12,1,4,0.0,-1.0,-1.0
929,12,1,5,0.0,-1.0,-1.0
930,12,1,6,0.0,-1.0,-1.0
931,12,2,1,224.0,0.8622564746729597,0.20007230986397342
932,12,2,2,174.0,0.7501851250890739,0.2726595295475443
933,12,2,3,4.0,-1.0,-1.0
934,12,2,4,0.0,-1.0,-1.0
935,12,2,5,0.0,-1.0,-1.0
936,12,2,6,0.0,-1.0,-1.0
937,12,3,1,166.0,0.7944707655290634,0.282114862893606
938,12,3,2,62.0,0.683008679071385,0.3689222793279439
939,12,3,3,0.0,-1.0,-1.0
940,12,3,4,0.0,-1.0,-1.0
941,12,3,5,0.0,-1.0,-1.0
942,12,3,6,0.0,-1.0,-1.0
943,12,4,1,64.0,0.6082809293991277,0.34297800441053133
944,12,4,2,12.0,-1.0,-1.0
945,12,4,3,0.0,-1.0,-1.0
946,12,4,4,0.0,-1.0,-1.0
947,12,4,5,0.0,-1.0,-1.0
948,12,4,6,0.0,-1.0,-1.0
949,12,5,1,22.0,-1.0,-1.0
950,12,5,2,8.0,-1.0,-1.0
951,12,5,3,0.0,-1.0,-1.0
952,12,5,4,0.0,-1.0,-1.0
953,12,5,5,0.0,-1.0,-1.0
954,12,5,6,0.0,-1.0,-1.0
955,12,6,1,14.0,-1.0,-1.0
956,12,6,2,4.0,-1.0,-1.0
957,12,6,3,0.0,-1.0,-1.0
958,12,6,4,0.0,-1.0,-1.0
959,12,6,5,0.0,-1.0,-1.0
960,12,6,6,0.0,-1.0,-1.0
961,12,7,1,8.0,-1.0,-1.0
962,12,7,2,4.0,-1.0,-1.0
963,12,7,3,0.0,-1.0,-1.0
964,12,7,4,0.0,-1.0,-1.0
965,12,7,5,0.0,-1.0,-1.0
966,12,7,6,0.0,-1.0,-1.0
967,12,8,1,-1.0,-1.0,-1.0
968,12,8,2,0.0,-1.0,-1.0
969,12,8,3,0.0,-1.0,-1.0
970,12,8,4,0.0,-1.0,-1.0
971,12,8,5,0.0,-1.0,-1.0
972,12,8,6,0.0,-1.0,-1.0
973,12,9,1,-1.0,-1.0,-1.0
974,12,9,2,-1.0,-1.0,-1.0
975,12,9,3,-1.0,-1.0,-1.0
976,12,9,4,-1.0,-1.0,-1.0
977,12,9,5,-1.0,-1.0,-1.0
978,12,9,6,-1.0,-1.0,-1.0
979,12,10,1,-1.0,-1.0,-1.0
980,12,10,2,-1.0,-1.0,-1.0
981,12,10,3,-1.0,-1.0,-1.0
982,12,10,4,-1.0,-1.0,-1.0
983,12,10,5,-1.0,-1.0,-1.0
984,12,10,6,-1.0,-1.0,-1.0
985,12,11,1,-1.0,-1.0,-1.0
986,12,11,2,-1.0,-1.0,-1.0
987,12,11,3,-1.0,-1.0,-1.0
988,12,11,4,-1.0,-1.0,-1.0
989,12,11,5,-1.0,-1.0,-1.0
990,12,11,6,-1.0,-1.0,-1.0
991,12,12,1,-1.0,-1.0,-1.0
992,12,12,2,-1.0,-1.0,-1.0
993,12,12,3,-1.0,-1.0,-1.0
994,12,12,4,-1.0,-1.0,-1.0
995,12,12,5,-1.0,-1.0,-1.0
996,12,12,6,-1.0,-1.0,-1.0
997,12,13,1,-1.0,-1.0,-1.0
998,12,13,2,-1.0,-1.0,-1.0
999,12,13,3,-1.0,-1.0,-1.0
1000,12,13,4,-1.0,-1.0,-1.0
1001,12,13,5,-1.0,-1.0,-1.0
1002,12,13,6,-1.0,-1.0,-1.0
1003,12,14,1,-1.0,-1.0,-1.0
1004,12,14,2,-1.0,-1.0,-1.0
1005,12,14,3,-1.0,-1.0,-1.0
1006,12,14,4,-1.0,-1.0,-1.0
1007,12,14,5,-1.0,-1.0,-1.0
1008,12,14,6,-1.0,-1.0,-1.0
