x,y1,y2
2.5392101284958426,0.027663896077156636,-0.14602369434951268
2.5392101284958426,0.06378624390268145,-0.19389641597428559
2.5588939279415466,0.1334515599445419,-0.200068213438032
2.873834719072814,0.06332199543152411,-0.13445809936530517
2.637629125724364,0.07994923762724132,-0.13679882728468212
2.696680524061476,0.002910782670926426,-0.08546068843257026
2.5392101284958426,0.15199060391447156,-0.20556319193145567
2.381739732930209,-0.13998758283271812,0.11456757730753764
2.381739732930209,-0.12377338548685801,0.02490308946862818
2.0471151423532374,-0.19258974004871016,0.18466682140488644
1.8305933484504913,-0.13672029070568292,0.043312033209608414
1.436917359536407,-0.17650616748690606,0.059903783924892484
2.4407911312673214,0.004025304215511671,-0.18125776772291724
2.519526329050138,0.09703810532709972,-0.20984257814949986
2.7950995212899974,0.06332922296802729,-0.1749285311508924
2.5588939279415466,0.14352379487881312,-0.21053463858489685
2.4407911312673214,0.15502092057606925,-0.23485659306915296
2.48015873015873,0.2821499016185895,-0.26113193833511955
2.2439531368102794,0.2065409424738623,-0.24684370527588878
2.6179453262786594,0.029014105989206618,-0.09280778638056669
2.3423721340388006,0.08935494057996612,-0.13339440177004513
2.381739732930209,-0.05133499211001119,0.019168352678708422
2.3030045351473922,-0.1770375669932715,0.1465479322485237
2.204585537918871,-0.2884651587227143,0.3048003681742043
2.637629125724364,0.06021081521276356,-0.166858139541188
2.5392101284958426,0.13179127784797,-0.22311132744417728
2.657312925170068,0.07868786667081357,-0.18121656899925298
2.637629125724364,0.16870466704721193,-0.21478555172290437
2.322688334593096,0.15959972028267283,-0.21556774887048508
2.637629125724364,0.09074631818851314,-0.15219694349835394
2.3030045351473922,0.048056961553297695,-0.12464337103749368
2.5588939279415466,0.011896942829333623,-0.08368021471419429
2.283320735701688,-0.04767738977395414,-0.047815232309336375
2.283320735701688,-0.14455443571289073,0.13372594409234628
2.0471151423532374,-0.18087087807173013,0.1574592937424112
1.633755353993449,-0.153877645323452,0.0669139562368457
2.5392101284958426,0.03750776663854677,-0.17774639000480547
2.7360481229528846,0.08269779417850626,-0.18944414024284373
2.755731922398589,0.141030875351785,-0.2047893224178548
2.696680524061476,0.1303095625518052,-0.21432421666020174
2.381739732930209,0.23768932068923537,-0.2472123099748621
2.460474930713026,0.17739901684646925,-0.20959379031751363
2.48015873015873,-0.00295534076614673,-0.050395607098987605
2.2439531368102794,-0.04540655886382,-0.0847041549141801
2.184901738473167,-0.1503214636963882,0.07826105046434373
1.6731229528848575,-0.15362282478774314,0.11537756665690668
1.0826089695137313,-0.09376095437320736,-0.07558886583717755
0.6298815822625345,-0.07573412404019003,-0.06340455206399048
2.6179453262786594,0.11698111641427306,-0.2316318733531456
2.519526329050138,0.08719756149416774,-0.19977464044654952
2.7950995212899974,0.11289954971567268,-0.2123221940701706
2.519526329050138,0.14053410697220908,-0.2270461861668559
2.4211073318216174,0.07269874713106667,-0.20855949076551972
2.578577727387251,0.15797602495696755,-0.2115053858959744
2.5982615268329554,-0.014436541242938805,-0.03575362667725773
2.2242693373645754,-0.12148022615419263,0.02971305542692526
1.6140715545477449,-0.10801556039547922,-0.0054155298147787745
1.043241370622323,-0.033656993117241185,-0.13401430620465876
0.5511463844797178,-0.03849436366668457,-0.1437560139605603
0.21652179390274626,0.06673923191077508,-0.1949165667966049
2.775415721844293,0.03652666968974144,-0.180149534968973
2.696680524061476,0.145352120550078,-0.20494066536883382
2.7163643235071806,0.11916668322608953,-0.20190197428476092
2.48015873015873,0.10806167667019911,-0.16499738514202406
2.578577727387251,0.19944970859607464,-0.22314831406650515
2.578577727387251,-0.04549646166718535,-0.03311669960963104
2.283320735701688,-0.16347228079218795,0.1507207479155136
1.9486961451247165,-0.08933417925757015,-0.05921068419285547
1.318814562862182,-0.03510863333821157,-0.11523875197468092
0.6495653817082389,-0.05430116055161516,-0.11653852155141808
0.3149407911312673,0.023541887303554943,-0.07451156098301354
0.13778659611992944,-0.10321214027158904,-0.0942836453043317
2.7163643235071806,0.06989396014251276,-0.20024292285445894
3.0116213151927433,0.0821434116064878,-0.20193007823820203
2.5588939279415466,0.09397381914121211,-0.17626563146895563
2.8541509196271098,0.07670496998731807,-0.16042517494964698
2.578577727387251,0.10968111631925287,-0.2058692945479904
2.322688334593096,0.019053001337070108,-0.1261782560695004
2.1750598387503146,-0.09422359332172553,-0.024752901682049744
1.6928067523305617,-0.15889954515424648,0.030759513757391055
0.9645061728395061,-0.09553602033277941,0.01449130216041794
0.45272738725119677,-0.11135714955406484,-0.03350649606841033
0.13778659611992944,-0.01395156076616183,-0.06957819862840925
0.07873519778281682,NaN,NaN
2.519526329050138,0.0838854234074003,-0.19419836659400969
2.657312925170068,0.07747379202719046,-0.2004686112380747
2.6179453262786594,0.1000595779678039,-0.19453779040185915
2.8541509196271098,0.12079690509250135,-0.18018574071261756
2.5392101284958426,0.10348469868337834,-0.15468601509004942
2.2439531368102794,0.06457868891072222,-0.12729298765331704
1.9486961451247165,-0.12858266663313,0.07370041523647386
1.4959687578735197,-0.05063301485442884,-0.08055461253747187
0.7086167800453514,-0.030534989126978385,-0.13516249609979725
0.2755731922398589,-0.060013486764660895,-0.11416379762579337
0.11810279667422524,-0.16926433469595287,0.06221490817772679
0.0,-0.461,-0.522
2.5588939279415466,0.08053884163575403,-0.20406616012994583
2.676996724615772,0.047395423730835884,-0.17925071477983218
2.5588939279415466,0.19598408777006499,-0.2163757636586936
2.8541509196271098,0.21135776604118056,-0.24486939404008973
2.5982615268329554,0.09867659960519509,-0.1903515646011571
2.578577727387251,-0.06394494341233498,-0.06355113949504454
2.007747543461829,-0.09278966353967066,-0.029588033737192543
1.240079365079365,-0.0770956534406731,-0.11138677162509963
0.6101977828168303,-0.022741471208614583,-0.17619859416362676
0.2558893927941547,-0.06427157085997698,-0.048861742489418214
0.03936759889140841,NaN,NaN
0.0,-0.461,-0.522
2.8147833207357014,0.08436749613842903,-0.19391349988589507
2.5588939279415466,0.10076445679572626,-0.20729045811980534
2.578577727387251,0.1790085712297736,-0.23336723660268183
3.0116213151927433,0.20303040679216394,-0.24066331041314726
2.499842529604434,0.09812190090430234,-0.19926347606308548
2.263636936255984,-0.09699116288724619,0.006979396880063771
1.7715419501133784,-0.15987983907141123,0.09765708799526407
1.0235575711766187,-0.060035111385749296,-0.13395027735995568
0.3543083900226757,-0.08507007982956227,-0.1727995573644761
0.11810279667422524,NaN,NaN
0.07873519778281682,NaN,NaN
0.0,-0.461,-0.522
2.8147833207357014,0.08456132574987446,-0.20918098999337692
2.8147833207357014,0.1746010796768082,-0.2367500508805982
2.6179453262786594,0.19014881697942415,-0.2295323612995328
2.696680524061476,0.17007075955138423,-0.22688263080958693
2.657312925170068,0.024521677624608218,-0.11463696866615042
2.401423532375913,-0.033339623267851615,-0.06523909697280111
1.8502771478961955,-0.08299859718316932,-0.06213306900007487
0.8857709750566892,-0.10167940684221727,-0.0958835932280735
0.2952569916855631,-0.07263132952010959,-0.09946504694173297
0.05905139833711262,NaN,NaN
0.0,NaN,NaN
0.0,-0.461,-0.522
2.8147833207357014,0.08847476376056035,-0.187791432757612
2.519526329050138,0.10177786222301105,-0.18984085013480906
2.7360481229528846,0.14227681075406634,-0.18817785336630488
2.873834719072814,0.20664739123821957,-0.217631181831957
2.5588939279415466,0.13085925728036113,-0.16554732032707625
2.1652179390274626,-0.11280272738645325,-0.02926308193477195
1.633755353993449,-0.09763662670872653,-0.09229979862000254
0.7086167800453514,-0.05713741846151171,-0.05691124695388705
0.2558893927941547,-0.03429046671228447,-0.15998186815099086
0.07873519778281682,NaN,NaN
0.0,NaN,NaN
0.0,-0.461,-0.522
2.7163643235071806,0.038815599999825645,-0.19372478739250776
2.676996724615772,0.1619192813254337,-0.2044935382303007
2.775415721844293,0.1751727683092122,-0.22825933837161383
2.9132023179642226,0.22220262642530714,-0.24248376601907035
2.3620559334845046,0.05767323367269889,-0.12031132879055612
2.3620559334845046,-0.09895566660468474,-0.043764006294629676
1.436917359536407,-0.09540780364775392,-0.07062358067059327
0.570830183925422,-0.0783229168933276,-0.039141232950914595
0.19683799445704206,-0.02373061404662624,0.020678228173030555
0.05905139833711262,NaN,NaN
0.0,-0.461,-0.522
0.0,-0.461,-0.522
2.263636936255984,0.1566316749068401,-0.2270828695257231
2.9328861174099266,0.17913804995734944,-0.22724415764587985
2.775415721844293,0.2341252771057309,-0.2669893745470989
2.7360481229528846,0.23790276169819408,-0.24240907904611558
2.8147833207357014,0.07071358222481366,-0.15541106660102988
2.2439531368102794,-0.1402306725454986,0.06825319410276875
1.259763164525069,-0.08287891904791506,-0.10420931629411923
0.5117787855883094,-0.005532412587790803,-0.14909223756382484
0.11810279667422524,0.10813773379258323,0.019756514960018956
0.05905139833711262,NaN,NaN
0.0,-0.461,-0.522
0.0,-0.461,-0.522
2.775415721844293,0.0978500617542693,-0.18713592726921996
2.696680524061476,0.03758894207947194,-0.18447345731683257
2.578577727387251,0.07017294958390857,-0.18447557538192244
2.5392101284958426,-0.013185823531143115,-0.1312949936204979
2.283320735701688,-0.06168275773033349,-0.07807716223436512
2.027431342907533,-0.15310180157490177,0.10832183777253401
1.6928067523305617,-0.15621911391238452,0.026656764252841247
1.161344167296548,-0.07772481794626901,-0.11743148162450961
0.6495653817082389,-0.04081491185605729,-0.10826290791849119
0.3149407911312673,-0.06579148861252881,-0.11814479058570226
0.13778659611992944,-0.04959039325375825,-0.24962461355148552
0.07873519778281682,NaN,NaN
2.7360481229528846,0.04406710438819045,-0.1726477876181693
2.873834719072814,0.1820453591314734,-0.23509282351092214
2.834467120181406,0.1654543112537063,-0.22794152190926292
2.834467120181406,0.15818182469749237,-0.23453872469111886
2.48015873015873,0.120569765162086,-0.1845241855067143
2.5588939279415466,0.054361072085144124,-0.14252188802777538
2.283320735701688,0.0864356598487806,-0.1236680948884391
2.283320735701688,-0.1260704205125983,0.0790573953508732
2.007747543461829,-0.1039077999773046,-0.011052074627352138
1.4566011589821113,-0.1153079911074002,-0.0033726104164341075
0.866087175610985,-0.12297411378853235,-0.10491553445687501
0.4133597883597883,-0.031025254755855713,-0.11976464358420519
2.578577727387251,0.03021176598635683,-0.18409739635136896
2.676996724615772,0.05325983542940743,-0.17494339776426515
2.3030045351473922,0.20929516445004331,-0.24605050436502113
2.873834719072814,0.1626272567789649,-0.1996060878023148
2.3620559334845046,0.21520405569330975,-0.2090916570379041
2.3030045351473922,0.0025491689690489983,-0.10291042201692846
2.1652179390274626,-0.20488253851695815,0.21839712531464517
1.73217435122197,-0.17006785779647537,0.11794959216061873
1.043241370622323,-0.10888086139445036,-0.047601234141027404
0.49209498614260516,-0.08328706020754079,-0.14422580419916914
0.23620559334845048,-0.06136916470890691,0.008585163180267474
0.07873519778281682,NaN,NaN
2.8541509196271098,0.09633059918590586,-0.19495526857384776
2.9132023179642226,0.21090719375149153,-0.24909791151094235
2.578577727387251,0.29472496246665175,-0.279731484714259
2.8541509196271098,0.13828674977043648,-0.21959134543595848
2.460474930713026,0.07352003823922865,-0.16490816891269927
2.1652179390274626,-0.07082151545297871,-0.04383670972531595
1.5156525573192239,-0.087458441305514,-0.0632138055418831
0.767668178382464,-0.08679171749029324,-0.1769315568389253
0.2755731922398589,-0.11711027852775124,-0.14621796031874568
0.05905139833711262,NaN,NaN
0.03936759889140841,NaN,NaN
0.0,NaN,NaN
2.696680524061476,0.03890269966470522,-0.1773201584689426
2.8541509196271098,0.203894799323121,-0.23360149151988324
2.7950995212899974,0.2178102385505551,-0.25738743458763125
2.6179453262786594,0.2755351598797026,-0.2905619719772473
2.578577727387251,0.0763614077587596,-0.15757769623009577
1.9880637440161248,-0.10472859004802654,0.016663485297763292
0.9841899722852103,-0.034509533022884176,-0.16562544287633485
0.3543083900226757,-0.07114270820518775,-0.12963566540219235
0.09841899722852103,NaN,NaN
0.019683799445704205,NaN,NaN
0.03936759889140841,NaN,NaN
0.0,NaN,NaN
2.499842529604434,0.13097984943786384,-0.22386038530117935
2.7360481229528846,0.1822166685769026,-0.22604345586530633
2.9919375157470394,0.2404649789960654,-0.23815690758996405
2.7950995212899974,0.2855508061833511,-0.24970164415168816
2.2439531368102794,0.043248616787903316,-0.17188912437980408
1.6928067523305617,-0.09231518196147542,-0.0885861015696382
0.6495653817082389,-0.11165921798063094,-0.026418886142873244
0.13778659611992944,-0.013137811111006314,0.053071601612576735
0.019683799445704205,NaN,NaN
0.0,NaN,NaN
0.03936759889140841,NaN,NaN
0.0,NaN,NaN
2.9328861174099266,0.16316649554511414,-0.22744485722696223
2.5982615268329554,0.27614973890865285,-0.2565511511602058
2.8541509196271098,0.24671853160627571,-0.22894922257414202
2.676996724615772,0.24888792928166442,-0.25538053989568454
2.3620559334845046,0.0017952076709415454,-0.12764917684619903
1.436917359536407,-0.06656536487779807,-0.15116035444340153
0.47241118669690096,-0.05899766996813549,-0.15211332640337422
0.09841899722852103,NaN,NaN
0.03936759889140841,NaN,NaN
0.0,NaN,NaN
0.0,NaN,NaN
0.0,NaN,NaN
2.7360481229528846,0.1289875446703514,-0.20816945079460258
2.9132023179642226,0.2771620595518776,-0.23967080948437186
2.873834719072814,0.287703717279952,-0.22270985453721376
3.070672713529856,0.29181518318437366,-0.2616285821722992
2.5392101284958426,-0.028226896353382935,-0.08715219152919912
1.240079365079365,-0.1120276063863011,-0.10268783982480867
0.2952569916855631,-0.06291467144167168,-0.15240276948005982
0.07873519778281682,NaN,NaN
0.0,NaN,NaN
0.0,NaN,NaN
0.0,NaN,NaN
0.0,NaN,NaN
2.5588939279415466,0.1580157901879054,-0.19778787914183654
2.657312925170068,0.2506030547603631,-0.2111086748328676
3.267510707986898,0.36430824190671846,-0.25807910946786483
2.873834719072814,0.2824360143370431,-0.2692018867343877
2.460474930713026,-0.07154901995108381,-0.032622284057235884
1.0629251700680271,-0.07844034041382858,-0.10065357074453712
0.15747039556563364,-0.08755713624516187,-0.17004544770790236
0.07873519778281682,NaN,NaN
0.0,NaN,NaN
0.0,NaN,NaN
0.0,NaN,NaN
0.0,-0.461,-0.522
2.775415721844293,0.1946128473058097,-0.23593243667859892
2.8147833207357014,0.24395407115487816,-0.21199340253728893
3.2871945074326026,0.32190738477084596,-0.22950509398054142
2.755731922398589,0.2179606865471005,-0.23783790841586222
2.2439531368102794,-0.05725505430756905,-0.07661518941395645
0.8464033761652808,-0.06892967795802574,-0.17054474474921105
0.13778659611992944,-0.06976133562161396,-0.05084573257127112
0.0,NaN,NaN
0.03936759889140841,NaN,NaN
0.0,NaN,NaN
0.0,NaN,NaN
0.0,-0.461,-0.522
2.676996724615772,0.1780008586578909,-0.19822076230186775
3.070672713529856,0.259697405227392,-0.19027662255675698
2.755731922398589,0.3413733037266355,-0.22322589988427954
2.7163643235071806,0.30858083582433754,-0.2687357462375521
2.1061665406903503,-0.04976187516897551,-0.052401170202880876
0.669249181153943,-0.0019339937800469942,-0.188409480893091
0.07873519778281682,NaN,NaN
0.0,NaN,NaN
0.03936759889140841,NaN,NaN
0.0,NaN,NaN
0.0,NaN,NaN
0.0,-0.461,-0.522
2.755731922398589,0.2023523639032601,-0.20564791029862362
3.070672713529856,0.24119192988191912,-0.19537107762192135
2.873834719072814,0.2692643533959354,-0.1520453777365099
2.9132023179642226,0.3222161048498929,-0.24994549674783928
2.263636936255984,-0.07452778898537049,-0.030454111743974333
0.570830183925422,0.06836178582901559,-0.21655697061292395
0.11810279667422524,NaN,NaN
0.019683799445704205,NaN,NaN
0.0,NaN,NaN
0.0,NaN,NaN
0.0,NaN,NaN
0.0,-0.461,-0.522
2.972253716301335,0.21149560034702358,-0.20778450707899926
2.972253716301335,0.1896445989690047,-0.12732498405457593
2.834467120181406,0.18322383274258952,-0.11684153674096359
3.070672713529856,0.30510786839524956,-0.24162900737167675
2.184901738473167,-0.08136334184119814,-0.011871159032049494
0.47241118669690096,-0.07402917143207927,-0.15114311417417592
0.05905139833711262,NaN,NaN
0.019683799445704205,NaN,NaN
0.0,NaN,NaN
0.0,NaN,NaN
0.0,NaN,NaN
0.0,-0.461,-0.522
2.8541509196271098,0.22540674644992625,-0.19229467659663224
3.129724111866969,0.1438081496485703,-0.10201351849176682
3.5627676996724613,0.1499545379259984,-0.07795516218156473
3.070672713529856,0.33145616831114827,-0.23799316824464462
2.3030045351473922,-0.05182897696998945,-0.10581759686429343
0.3936759889140841,-0.0481895715876835,-0.1628334991537867
0.019683799445704205,NaN,NaN
0.03936759889140841,NaN,NaN
0.0,NaN,NaN
0.0,NaN,NaN
0.0,-0.461,-0.522
0.0,-0.461,-0.522
2.283320735701688,0.028393612202873175,-0.19291895662034814
2.4211073318216174,0.05393100704450654,-0.18010566201253514
2.322688334593096,-0.0020158769657956377,-0.15130221833443608
2.263636936255984,-0.10639124613794182,-0.06322352788391089
1.9486961451247165,-0.05637552100164639,-0.078584692296578
1.240079365079365,-0.05989434953507233,-0.09950403852930406
0.7086167800453514,-0.10590757643400878,-0.14577648052037623
0.2952569916855631,0.00024362070580929984,-0.1511570438334306
0.11810279667422524,NaN,NaN
0.05905139833711262,NaN,NaN
0.0,NaN,NaN
0.03936759889140841,NaN,NaN
2.657312925170068,0.07455459611540455,-0.173203050723868
2.5982615268329554,0.11750044772813534,-0.2148820259158027
2.283320735701688,0.15898450973065364,-0.2148995951303031
2.5392101284958426,0.18697071236233515,-0.23763780805925366
2.3030045351473922,0.2460934697713581,-0.26565430372624055
2.499842529604434,0.10028477681453613,-0.1628553777095127
2.086482741244646,-0.09381374472208726,-0.028966871431412244
1.810909549004787,-0.13504669212697978,0.08770417912098705
1.1022927689594355,-0.06944870462872033,-0.12180467805126421
0.47241118669690096,0.011272030842514491,-0.18610653226025808
0.19683799445704206,-0.02104713575747491,-0.12388409425060876
0.03936759889140841,NaN,NaN
2.755731922398589,0.10972465219607846,-0.20929502276557033
2.6179453262786594,0.19343626425732657,-0.2408153388134135
2.6179453262786594,0.21227949564544274,-0.2348099336461394
2.5982615268329554,0.24032730575757172,-0.2326848331639207
2.8541509196271098,0.1543361777654288,-0.20365143004340963
2.184901738473167,-0.014220484649393184,-0.09555706331977964
1.7912257495590826,-0.09387183737836863,-0.07060633444030634
0.8070357772738724,-0.08014190927505188,-0.10402175518574269
0.2952569916855631,0.0071289001250852135,-0.16476474736170954
0.07873519778281682,NaN,NaN
0.0,NaN,NaN
0.0,NaN,NaN
2.775415721844293,0.13182218201584822,-0.18967992158176444
2.952569916855631,0.20542137490493612,-0.2263010696454852
2.5588939279415466,0.2209569607757274,-0.23614213378890841
2.755731922398589,0.24848345025434831,-0.25844948557397096
2.499842529604434,0.0738655663654248,-0.1437274852921916
1.9880637440161248,-0.09130162060578662,-0.062253494499034834
0.6889329805996472,-0.0011751475320621596,-0.12708375305821512
0.13778659611992944,0.18633989990960892,-0.16199101263301074
0.03936759889140841,NaN,NaN
0.019683799445704205,NaN,NaN
0.0,NaN,NaN
0.0,NaN,NaN
2.7163643235071806,0.15583572053017652,-0.2048206075030995
2.972253716301335,0.24309132958858076,-0.21970350476607697
2.4211073318216174,0.3227902363577371,-0.24332096630374073
2.676996724615772,0.24204587100719693,-0.23675662692562188
2.3030045351473922,-0.06479110099451219,-0.0546447175911165
1.2794469639707733,-0.06379764149888556,-0.13852809454182807
0.2952569916855631,-0.13370788404400902,-0.22385032737883237
0.05905139833711262,NaN,NaN
0.03936759889140841,NaN,NaN
0.0,NaN,NaN
0.0,NaN,NaN
0.0,NaN,NaN
2.7360481229528846,0.17337383993998928,-0.23174728953711343
2.8147833207357014,0.30789164893120874,-0.20096753888531776
3.0116213151927433,0.34079336247533926,-0.23352984360022205
2.696680524061476,0.3138705207328654,-0.24960662905207714
2.4407911312673214,-0.10705549135175008,0.018056564034889422
0.9152966742252456,-0.0817277138362949,-0.13726900316568663
0.11810279667422524,NaN,NaN
0.019683799445704205,NaN,NaN
0.03936759889140841,NaN,NaN
0.0,NaN,NaN
0.0,NaN,NaN
0.0,NaN,NaN
2.755731922398589,0.174892224413068,-0.20691295919460834
2.893518518518518,0.2736138205141852,-0.18789801997486516
3.070672713529856,0.24536303323189518,-0.1495094998093373
2.48015873015873,0.3545372844323251,-0.2589933692953861
2.1455341395817586,-0.11565179900366274,0.021813330272070552
0.5511463844797178,-0.06789295496115855,-0.18442647589591116
0.07873519778281682,NaN,NaN
0.03936759889140841,NaN,NaN
0.0,NaN,NaN
0.0,NaN,NaN
0.0,NaN,NaN
0.0,NaN,NaN
2.883676618795666,0.24953094136576387,-0.21041435658144403
3.0509889140841517,0.184895293326173,-0.11227039656722582
3.2871945074326026,0.13327499168302265,-0.09665423817142033
2.7360481229528846,0.3160530089318581,-0.22463447108158507
2.204585537918871,-0.06867303813744335,-0.06112437222018241
0.4133597883597883,-0.04957164657368068,-0.16640864986114956
0.07873519778281682,NaN,NaN
0.0,NaN,NaN
0.019683799445704205,NaN,NaN
0.0,NaN,NaN
0.03936759889140841,NaN,NaN
0.0,NaN,NaN
2.9132023179642226,0.19146231926912366,-0.15045689841000104
3.3068783068783065,0.021829324535727945,-0.009747466942656713
3.1887755102040813,0.029473847626883654,0.042024230106456284
3.1001984126984126,0.27588073969087595,-0.21232429007026205
2.1652179390274626,-0.08024269981979404,-0.10134839887450975
0.3149407911312673,-0.08846991718934599,-0.1758082309537793
0.0,NaN,NaN
0.03936759889140841,NaN,NaN
0.0,NaN,NaN
0.0,NaN,NaN
0.0,NaN,NaN
0.0,-0.461,-0.522
3.2871945074326026,0.16207704892982305,-0.13525979472946914
2.6671548248929198,-0.00806544771773321,-0.02235853295034046
1.0137156714537665,0.003425897102630193,-0.04899435129703611
3.0509889140841517,0.2913472742930781,-0.1811158795464774
2.0471151423532374,-0.0942718713071905,-0.061210379372462875
0.21652179390274626,0.09836050203331065,-0.11443571811969411
0.03936759889140841,NaN,NaN
0.0,NaN,NaN
0.0,NaN,NaN
0.0,NaN,NaN
0.0,NaN,NaN
0.0,-0.461,-0.522
3.1100403124212646,0.09316148010380837,-0.07014597904681663
0.3247826908541194,0.08511604534986822,0.06888365292281351
0.2558893927941547,-0.026177966752589377,-0.1652296067850587
3.1887755102040813,0.2543057347292694,-0.1294400812813365
1.820751448727639,-0.10366018806156685,-0.03855814881082453
0.19683799445704206,0.17605943943919017,-0.06153405938433415
0.019683799445704205,NaN,NaN
0.0,NaN,NaN
0.03936759889140841,NaN,NaN
0.0,NaN,NaN
0.0,NaN,NaN
0.0,-0.461,-0.522
3.5627676996724613,0.016498285674605484,0.006178082225638981
0.15747039556563364,NaN,NaN
0.2558893927941547,0.012994625267158832,-0.16851059789867828
2.8049414210128494,0.04655325357499823,-0.01575069447913957
1.73217435122197,-0.1682952928353879,0.12631148035789252
0.17715419501133786,0.11164311724389425,-0.17753500983760717
0.03936759889140841,NaN,NaN
0.0,NaN,NaN
0.0,NaN,NaN
0.0,NaN,NaN
0.0,NaN,NaN
0.0,-0.461,-0.522
2.4211073318216174,-0.02207174669145734,0.007364717386015518
0.21652179390274626,-0.07972695308620631,-0.20331891087476628
0.0,NaN,NaN
0.6397234819853866,-0.05188898166473771,-0.08011773954208579
1.5943877551020407,-0.10285066088905426,-0.02390178617099392
0.07873519778281682,NaN,NaN
0.0,NaN,NaN
0.0,NaN,NaN
0.0,NaN,NaN
0.0,NaN,NaN
0.0,NaN,NaN
0.0,-0.461,-0.522
0.4035178886369362,0.02756652406024801,-0.0707076365245623
0.0,NaN,NaN
0.0,NaN,NaN
0.6200396825396824,-0.02779666833006461,-0.058371243748661594
1.3975497606449987,-0.0997833504108685,-0.08670535557380704
0.11810279667422524,0.1049825447992056,0.12785933694546492
0.019683799445704205,NaN,NaN
0.03936759889140841,NaN,NaN
0.0,NaN,NaN
0.0,NaN,NaN
0.0,-0.461,-0.522
0.0,-0.461,-0.522
2.5982615268329554,0.0536168991748574,-0.1724030765203129
2.2242693373645754,0.06871580187022047,-0.1747544861836839
2.578577727387251,-0.04578770939873572,-0.1096357162615213
1.9290123456790123,-0.05677657459980584,-0.11667579465983036
1.6928067523305617,-0.08659846760675088,-0.09780861444283995
1.0038737717309145,-0.08199443435749776,-0.10101648220535625
0.45272738725119677,0.02056668107505527,-0.1528605191302046
0.17715419501133786,-0.059680344327453894,-0.13027886124838084
0.07873519778281682,NaN,NaN
0.03936759889140841,NaN,NaN
0.0,NaN,NaN
0.0,NaN,NaN
2.9132023179642226,0.14353425319148944,-0.21747871343133396
2.8541509196271098,0.06819564750208623,-0.2059782216675961
2.696680524061476,0.16230881967390337,-0.22435595799199748
2.6179453262786594,0.19431485456929237,-0.21754274526957146
2.7163643235071806,0.18723194496346524,-0.24868430623705973
2.4211073318216174,0.042158753221934464,-0.145319414990343
2.007747543461829,-0.11861560571841534,0.03579242754679113
1.6140715545477449,-0.13285163222298757,-0.03093018687335991
0.8070357772738724,-0.07910130257037246,-0.09301757515783537
0.3346245905769715,0.02446643079535815,-0.10004844277968272
0.11810279667422524,NaN,NaN
0.05905139833711262,NaN,NaN
2.5392101284958426,0.07748349149792305,-0.19022441684140678
2.873834719072814,0.17667993297155643,-0.23893208454075338
2.578577727387251,0.20364340606390102,-0.23082618731226595
2.7950995212899974,0.247084842747392,-0.27420934571456507
2.6179453262786594,0.05324751626584329,-0.10325621136209584
2.184901738473167,-0.08913190133462762,-0.020251172284403318
1.4566011589821113,-0.07430081898756097,-0.13464482493925972
0.5511463844797178,-0.06363221421653509,-0.18050010102456515
0.13778659611992944,-0.09052922635074562,-0.08108385019231967
0.05905139833711262,NaN,NaN
0.03936759889140841,NaN,NaN
0.0,NaN,NaN
2.696680524061476,0.14826914350022874,-0.22338795650432064
2.834467120181406,0.2036663861448053,-0.2260687776692596
2.8147833207357014,0.3681162935403954,-0.2689169911963834
2.7360481229528846,0.30408615696603297,-0.25647521309414073
2.696680524061476,-0.03162006932860406,-0.0757663258378789
1.5550201562106323,-0.10938927144190663,-0.09965422842008131
0.47241118669690096,-0.00014738657351209827,-0.15150695786030932
0.07873519778281682,NaN,NaN
0.03936759889140841,NaN,NaN
0.0,NaN,NaN
0.0,NaN,NaN
0.0,NaN,NaN
2.893518518518518,0.11456363515224782,-0.20731149739860472
3.0903565129755606,0.17590894829545883,-0.21186047397961422
2.9328861174099266,0.28276384165396623,-0.20088386294762767
2.578577727387251,0.31813017837139196,-0.24870270478283807
2.48015873015873,-0.0311869915419275,-0.07739313758336513
1.0038737717309145,-0.08066008972739835,-0.14633506975099358
0.17715419501133786,-0.1793176115606991,-0.31272794655697755
0.07873519778281682,NaN,NaN
0.03936759889140841,NaN,NaN
0.0,NaN,NaN
0.0,NaN,NaN
0.0,NaN,NaN
2.9132023179642226,0.2395198492770167,-0.19256401010684526
3.326562106324011,0.25761690268149845,-0.17430352930505222
3.129724111866969,0.2074390129517955,-0.13086692850492315
2.578577727387251,0.3303352496290988,-0.23528644713337704
2.3423721340388006,-0.07305772654953269,-0.01507952145849445
0.5314625850340136,-0.1103190623186881,-0.1253250041524065
0.11810279667422524,NaN,NaN
0.03936759889140841,NaN,NaN
0.0,NaN,NaN
0.0,NaN,NaN
0.03936759889140841,NaN,NaN
0.0,NaN,NaN
3.2084593096497858,0.2158300668296274,-0.17972780129376226
3.346245905769715,0.09769892776906214,-0.0775163041587183
3.149407911312673,0.059169869467970704,-0.027010699018502615
2.834467120181406,0.2878044739692817,-0.2183619431667585
2.1652179390274626,-0.0830206659147304,-0.07468943264009187
0.3936759889140841,-0.0635934415820259,-0.15541878382118662
0.05905139833711262,NaN,NaN
0.019683799445704205,NaN,NaN
0.0,NaN,NaN
0.0,NaN,NaN
0.0,NaN,NaN
0.0,NaN,NaN
2.834467120181406,0.19818927333820419,-0.16888984174680438
3.346245905769715,-0.013287392065665315,0.03960204456361327
1.230237465356513,-0.049845743028715694,-0.05432732014359759
2.676996724615772,0.20512845954767417,-0.16362798909520476
2.0471151423532374,-0.11050015888021691,0.019922064780887427
0.2558893927941547,0.03192128127685684,-0.08600320585133314
0.03936759889140841,NaN,NaN
0.03936759889140841,NaN,NaN
0.0,NaN,NaN
0.019683799445704205,NaN,NaN
0.0,NaN,NaN
0.0,NaN,NaN
3.129724111866969,0.13253658814313857,-0.0681100038228794
0.7479843789367598,-0.008135188400173132,-0.020171627364859557
0.24604749307130258,-0.14130396228675968,-0.12589212714104703
3.0509889140841517,0.20911615307191994,-0.11738978842387532
1.8896447467876039,-0.11512071384391664,-0.035489874302283786
0.2558893927941547,-0.06844040312022048,-0.19302670157770108
0.03936759889140841,NaN,NaN
0.0,NaN,NaN
0.0,NaN,NaN
0.0,NaN,NaN
0.0,NaN,NaN
0.0,-0.461,-0.522
3.3659297052154193,0.0013916049051431734,0.02899892564441031
0.0,NaN,NaN
0.0,NaN,NaN
0.6298815822625345,-0.03401490000351215,0.004217910711150408
1.7518581506676743,-0.11676437149169411,-0.0258384605955983
0.09841899722852103,NaN,NaN
0.019683799445704205,NaN,NaN
0.0,NaN,NaN
0.0,NaN,NaN
0.0,NaN,NaN
0.0,NaN,NaN
0.0,-0.461,-0.522
2.499842529604434,0.022614111441014495,-0.007834735283407612
0.0,NaN,NaN
0.0,NaN,NaN
0.5117787855883094,0.016630010869065293,0.015341795783767043
1.4566011589821113,-0.09691192523760811,-0.09444890545257917
0.05905139833711262,NaN,NaN
0.03936759889140841,NaN,NaN
0.019683799445704205,NaN,NaN
0.0,NaN,NaN
0.0,NaN,NaN
0.0,NaN,NaN
0.0,-0.461,-0.522
0.23620559334845048,-0.2553220856360966,-0.18142586290296736
0.0,NaN,NaN
0.0,NaN,NaN
0.46256928697404887,0.019494063100811754,0.04932574896080455
1.4762849584278155,-0.11141314426668625,-0.0932174451329173
0.07873519778281682,NaN,NaN
0.019683799445704205,NaN,NaN
0.0,NaN,NaN
0.0,NaN,NaN
0.0,NaN,NaN
0.0,NaN,NaN
0.0,-0.461,-0.522
0.0,NaN,NaN
0.0,NaN,NaN
0.0,NaN,NaN
0.383834089191232,-0.07115728334496935,-0.08846616037199856
1.240079365079365,-0.10176617192788345,-0.13175157302375
0.03936759889140841,NaN,NaN
0.0,NaN,NaN
0.0,NaN,NaN
0.0,NaN,NaN
0.0,NaN,NaN
0.0,NaN,NaN
0.0,-0.461,-0.522
0.0,NaN,NaN
0.0,NaN,NaN
0.0,NaN,NaN
0.3936759889140841,0.044834070831853035,-0.04466072474574395
1.2203955656336607,-0.09800856061353702,-0.14424770959688704
0.05905139833711262,NaN,NaN
0.03936759889140841,NaN,NaN
0.0,NaN,NaN
0.0,NaN,NaN
0.0,NaN,NaN
0.0,-0.461,-0.522
0.0,-0.461,-0.522
2.519526329050138,0.04221879668780598,-0.1617476411836799
2.5588939279415466,0.027963337741506777,-0.15567829632872038
2.460474930713026,-0.04962023165048246,-0.09635751384573876
1.8896447467876039,-0.07385371673590163,-0.020681837324212693
1.2203955656336607,-0.04996236987410446,-0.1353928636287457
0.6495653817082389,-0.03517764407045687,-0.08629737000285398
0.19683799445704206,0.06258087814401264,-0.2067159549640471
0.11810279667422524,NaN,NaN
0.07873519778281682,NaN,NaN
0.0,NaN,NaN
0.0,NaN,NaN
0.0,NaN,NaN
2.5982615268329554,0.08946392277861809,-0.19191431627206507
2.6179453262786594,0.1368570088656516,-0.22149437834252
2.637629125724364,0.24960170256694886,-0.27598264519093035
2.5588939279415466,0.21656127131717035,-0.24233121265580232
2.5982615268329554,0.1848758278700086,-0.24756529375415004
2.4407911312673214,-0.06505381188876191,-0.03935222482206069
2.066798941798942,-0.07088299729673403,-0.07668824899347143
1.2007117661879565,-0.08065884113820793,-0.17081204603281352
0.45272738725119677,-0.06895447086678375,-0.11873940995692694
0.13778659611992944,0.06245556764719323,-0.02609645023672813
0.05905139833711262,NaN,NaN
0.019683799445704205,NaN,NaN
2.5588939279415466,0.18809611969631784,-0.24322156208979395
2.657312925170068,0.216707164962834,-0.22901383980701845
2.8147833207357014,0.2230041662492725,-0.26319807484828284
2.834467120181406,0.3192617963875269,-0.23930075890264574
2.6179453262786594,0.13853593427094996,-0.18873128838212838
2.066798941798942,-0.171637608166118,0.10161977419523238
1.0826089695137313,-0.0587729133841125,-0.12213651373221707
0.2952569916855631,-0.06342404804965296,-0.2528140589233797
0.07873519778281682,NaN,NaN
0.03936759889140841,NaN,NaN
0.03936759889140841,NaN,NaN
0.0,NaN,NaN
2.637629125724364,0.19614093498949142,-0.21368743517516686
2.9033604182413706,0.28878340590306034,-0.24290116652280402
2.755731922398589,0.24583548602837796,-0.23910448976335635
2.7163643235071806,0.21421001126279554,-0.23901140510220864
2.322688334593096,0.18981801426007666,-0.18584619142633968
1.240079365079365,-0.033144946511467155,-0.13905310450511588
0.2755731922398589,-0.062494992693515106,-0.16645505501621627
0.03936759889140841,NaN,NaN
0.0,NaN,NaN
0.019683799445704205,NaN,NaN
0.03936759889140841,NaN,NaN
0.0,NaN,NaN
2.637629125724364,0.1909667748589821,-0.18950640729622936
3.070672713529856,0.24611601262814237,-0.13921334852271833
3.2084593096497858,0.2472657826933567,-0.1370513613092762
3.0116213151927433,0.35475475279758134,-0.2408419504937243
2.283320735701688,-0.16816343545734908,0.0790246286643348
0.669249181153943,-0.0073316099684263,-0.15849040467551173
0.07873519778281682,NaN,NaN
0.0,NaN,NaN
0.03936759889140841,NaN,NaN
0.0,NaN,NaN
0.0,NaN,NaN
0.0,NaN,NaN
3.149407911312673,0.20654692457364526,-0.16983502838653802
3.3068783068783065,0.10228667801102292,-0.03961754992894051
3.247826908541194,0.02343651245353412,0.030807587431313843
2.9132023179642226,0.4182982728132432,-0.23472784306835315
2.263636936255984,-0.07711096914679033,-0.013726970596454446
0.3149407911312673,0.03595533657544325,-0.17414051139006254
0.05905139833711262,NaN,NaN
0.0,NaN,NaN
0.03936759889140841,NaN,NaN
0.0,NaN,NaN
0.0,NaN,NaN
0.0,NaN,NaN
3.267510707986898,0.18268728666704454,-0.1376771213201462
2.2242693373645754,-0.03518187508254361,-0.03503337762163755
0.5413044847568657,0.001344350585925802,0.005940255351716273
3.2281431090954897,0.22138071590983172,-0.13171636023116695
1.8896447467876039,-0.10448136724365253,-0.05819925906408169
0.17715419501133786,-0.0865956555875998,-0.1856582133492498
0.03936759889140841,NaN,NaN
0.0,NaN,NaN
0.0,NaN,NaN
0.0,NaN,NaN
0.0,NaN,NaN
0.0,NaN,NaN
3.5037163013353485,-0.00885905596933001,0.014261564860782117
0.0,NaN,NaN
0.0,NaN,NaN
0.5117787855883094,0.011262597906074256,-0.006369108211383034
1.7518581506676743,-0.09858961822420059,-0.09762058978807936
0.07873519778281682,NaN,NaN
0.03936759889140841,NaN,NaN
0.0,NaN,NaN
0.03936759889140841,NaN,NaN
0.0,NaN,NaN
0.0,NaN,NaN
0.0,NaN,NaN
0.9054547745023935,-0.0006659378840719876,-0.020405439432036987
0.0,NaN,NaN
0.0,NaN,NaN
0.3936759889140841,0.011720505256377634,0.03351389141737615
1.5943877551020407,-0.06696641862630232,-0.09202683497109293
0.11810279667422524,NaN,NaN
0.019683799445704205,NaN,NaN
0.0,NaN,NaN
0.0,NaN,NaN
0.0,NaN,NaN
0.0,NaN,NaN
0.0,-0.461,-0.522
0.0,NaN,NaN
0.0,NaN,NaN
0.0,NaN,NaN
0.3739921894683799,0.07668525003170762,0.0559682394225558
1.417233560090703,-0.06473592962791846,-0.1579757979013497
0.09841899722852103,NaN,NaN
0.0,NaN,NaN
0.019683799445704205,NaN,NaN
0.0,NaN,NaN
0.0,NaN,NaN
0.0,NaN,NaN
0.0,-0.461,-0.522
0.0,NaN,NaN
0.0,NaN,NaN
0.0,NaN,NaN
0.4133597883597883,0.013599214979611085,-0.022277111228122704
1.2794469639707733,-0.0758285879720419,-0.08642854202520928
0.05905139833711262,NaN,NaN
0.03936759889140841,NaN,NaN
0.019683799445704205,NaN,NaN
0.0,NaN,NaN
0.0,NaN,NaN
0.0,NaN,NaN
0.0,-0.461,-0.522
0.0,NaN,NaN
0.0,NaN,NaN
0.0,NaN,NaN
0.3641502897455278,-0.012529699515718695,0.020832838329181702
1.0235575711766187,-0.02915622936005824,-0.1537936826349578
0.05905139833711262,NaN,NaN
0.019683799445704205,NaN,NaN
0.019683799445704205,NaN,NaN
0.0,NaN,NaN
0.0,NaN,NaN
0.0,NaN,NaN
0.0,-0.461,-0.522
0.0,NaN,NaN
0.0,NaN,NaN
0.0,NaN,NaN
0.3543083900226757,0.01591095539612386,-0.013926796409566622
0.8070357772738724,-0.08657834117136376,-0.18145475686408957
0.03936759889140841,NaN,NaN
0.0,NaN,NaN
0.019683799445704205,NaN,NaN
0.0,NaN,NaN
0.0,NaN,NaN
0.0,NaN,NaN
0.0,-0.461,-0.522
0.0,NaN,NaN
0.0,NaN,NaN
0.0,NaN,NaN
0.2657312925170068,-0.006482675978752184,-0.12443581636003559
0.7479843789367598,-0.042632828591446625,-0.16454258003877997
0.019683799445704205,NaN,NaN
0.019683799445704205,NaN,NaN
0.0,NaN,NaN
0.0,NaN,NaN
0.0,NaN,NaN
0.0,-0.461,-0.522
0.0,-0.461,-0.522
2.5982615268329554,-0.027562348566797845,-0.17282246633300097
2.460474930713026,-0.014381561672034249,-0.10068933588373569
1.9880637440161248,-0.08832797574194134,-0.05320849233493791
1.4959687578735197,-0.07648386272479896,-0.045850187979785184
0.7283005794910556,0.0030172569909382996,-0.14895620223259615
0.2755731922398589,-0.09988256399343304,-0.1423282394790309
0.09841899722852103,NaN,NaN
0.05905139833711262,NaN,NaN
0.0,NaN,NaN
0.0,NaN,NaN
0.0,NaN,NaN
0.0,NaN,NaN
2.7360481229528846,0.06278319549932393,-0.2072100274729774
2.834467120181406,0.21382984324250082,-0.2315617769822525
2.657312925170068,0.18817110902937445,-0.25553218396666005
2.873834719072814,0.32413692646729747,-0.2650851441796788
2.7360481229528846,0.11552163419359757,-0.18517868082164723
2.322688334593096,-0.10383866864280283,0.0473925268764428
1.6928067523305617,-0.18144005858623807,0.06721316582000536
0.6298815822625345,-0.03293946469204523,-0.1675822037709891
0.21652179390274626,-0.07143217801593948,-0.030647233121202433
0.07873519778281682,NaN,NaN
0.019683799445704205,NaN,NaN
0.0,NaN,NaN
2.637629125724364,0.1656013138060683,-0.22770585465619414
2.755731922398589,0.23071863792044983,-0.2283892418622035
2.578577727387251,0.36742285612585474,-0.25308374024054603
2.696680524061476,0.19310307798883203,-0.23650497982216767
2.637629125724364,0.09121743367515772,-0.15353784845397572
1.7715419501133784,-0.08387381441653752,-0.06635948697912453
0.570830183925422,-0.0564741628137464,-0.1555540774396768
0.13778659611992944,-0.08246590903580592,-0.3091018587230936
0.03936759889140841,NaN,NaN
0.0,NaN,NaN
0.0,NaN,NaN
0.0,NaN,NaN
2.696680524061476,0.20696185013440144,-0.20270257339595793
3.0903565129755606,0.24978516910145138,-0.13528075654355937
2.952569916855631,0.2258266514590968,-0.11786432798276647
2.9132023179642226,0.401070990868532,-0.26815436813567717
2.48015873015873,-0.0256663196546017,-0.03363855436575336
0.669249181153943,-0.08210355943997577,-0.13765926337783435
0.05905139833711262,NaN,NaN
0.03936759889140841,NaN,NaN
0.0,NaN,NaN
0.0,NaN,NaN
0.0,NaN,NaN
0.0,NaN,NaN
3.0509889140841517,0.20139712390043535,-0.123957134375069
3.326562106324011,-0.017906434286472817,0.07159517278673821
0.8759290753338371,0.032542998651645394,-0.028864391814224177
3.0509889140841517,0.2629765224451867,-0.1427110813742028
2.1652179390274626,-0.12616913160929183,0.0012463618922581299
0.23620559334845048,0.036089647461277796,-0.1258830383404828
0.019683799445704205,NaN,NaN
0.03936759889140841,NaN,NaN
0.0,NaN,NaN
0.0,NaN,NaN
0.0,NaN,NaN
0.0,NaN,NaN
3.5627676996724613,-0.04196819372056099,0.005414427209544881
0.0,NaN,NaN
0.0,NaN,NaN
0.49209498614260516,-0.01802339772270134,-0.0050960762539093984
1.909328546233308,-0.1698292037985661,0.11155239196533762
0.13778659611992944,-0.032845381814960994,-0.0706490702555867
0.0,NaN,NaN
0.0,NaN,NaN
0.0,NaN,NaN
0.0,NaN,NaN
0.0,NaN,NaN
0.0,NaN,NaN
0.2558893927941547,-0.012979180506528798,-0.06954574821025195
0.0,NaN,NaN
0.0,NaN,NaN
0.0,NaN,NaN
1.6140715545477449,-0.03578779115429109,-0.09933379899231659
0.05905139833711262,NaN,NaN
0.03936759889140841,NaN,NaN
0.0,NaN,NaN
0.0,NaN,NaN
0.03936759889140841,NaN,NaN
0.0,NaN,NaN
0.0,NaN,NaN
0.0,NaN,NaN
0.0,NaN,NaN
0.0,NaN,NaN
0.0,NaN,NaN
1.3778659611992945,-0.06281892659544014,-0.09964025552687217
0.07873519778281682,NaN,NaN
0.019683799445704205,NaN,NaN
0.0,NaN,NaN
0.019683799445704205,NaN,NaN
0.0,NaN,NaN
0.0,NaN,NaN
0.0,NaN,NaN
0.0,NaN,NaN
0.0,NaN,NaN
0.0,NaN,NaN
0.0,NaN,NaN
1.1219765684051397,-0.09261802192776453,-0.11015649837875624
0.03936759889140841,NaN,NaN
0.0,NaN,NaN
0.03936759889140841,NaN,NaN
0.0,NaN,NaN
0.0,NaN,NaN
0.0,NaN,NaN
0.0,-0.461,-0.522
0.0,NaN,NaN
0.0,NaN,NaN
0.0,NaN,NaN
0.0,NaN,NaN
0.8464033761652808,-0.07160496580008158,-0.0820973301775973
0.07873519778281682,NaN,NaN
0.03936759889140841,NaN,NaN
0.0,NaN,NaN
0.0,NaN,NaN
0.0,NaN,NaN
0.0,NaN,NaN
0.0,-0.461,-0.522
0.0,NaN,NaN
0.0,NaN,NaN
0.0,NaN,NaN
0.0,NaN,NaN
0.7086167800453514,-0.0927178827143646,-0.1864151555628848
0.03936759889140841,NaN,NaN
0.0,NaN,NaN
0.0,NaN,NaN
0.0,NaN,NaN
0.0,NaN,NaN
0.0,NaN,NaN
0.0,-0.461,-0.522
0.0,NaN,NaN
0.0,-0.461,-0.522
0.0,NaN,NaN
0.0,NaN,NaN
0.5314625850340136,-0.09894572725787198,-0.12854058596600687
0.019683799445704205,NaN,NaN
0.0,NaN,NaN
0.0,NaN,NaN
0.0,NaN,NaN
0.0,NaN,NaN
0.0,NaN,NaN
0.0,-0.461,-0.522
0.0,-0.461,-0.522
0.0,-0.461,-0.522
0.0,NaN,NaN
0.0,NaN,NaN
0.5314625850340136,-0.0016750749834646972,-0.13498947795632738
0.05905139833711262,NaN,NaN
0.019683799445704205,NaN,NaN
0.019683799445704205,NaN,NaN
0.0,NaN,NaN
0.0,NaN,NaN
0.0,NaN,NaN
0.0,-0.461,-0.522
0.0,-0.461,-0.522
0.0,-0.461,-0.522
0.019683799445704205,NaN,NaN
0.0,NaN,NaN
0.3739921894683799,-0.012662127725090677,-0.0749978358635755
0.019683799445704205,NaN,NaN
0.019683799445704205,NaN,NaN
0.0,NaN,NaN
0.0,NaN,NaN
0.0,NaN,NaN
0.0,-0.461,-0.522
0.0,-0.461,-0.522
2.48015873015873,-0.03781059355951616,-0.1443253981921218
2.1258503401360542,-0.07709208414083224,-0.11312726005683754
1.4762849584278155,-0.06065604196024316,-0.09604988347103355
0.6101977828168303,-0.05655038881722951,-0.1384373448490035
0.15747039556563364,0.06901362852970244,0.009560182704150377
0.05905139833711262,NaN,NaN
0.0,NaN,NaN
0.019683799445704205,NaN,NaN
0.0,NaN,NaN
0.03936759889140841,NaN,NaN
0.019683799445704205,NaN,NaN
0.0,NaN,NaN
2.873834719072814,0.15041812000095106,-0.2253165909631532
2.775415721844293,0.22109018722801105,-0.19678748036919047
2.8541509196271098,0.2749880472556861,-0.21239429658318265
2.8246252204585534,0.3293174412784959,-0.25956228722394536
2.3620559334845046,0.15233687244240063,-0.24223098915111207
2.066798941798942,-0.11209040239473084,-0.03716129313935834
0.7283005794910556,-0.08142777330989609,-0.1160466314857388
0.13778659611992944,0.053897720260753845,0.1172964411285422
0.03936759889140841,NaN,NaN
0.0,NaN,NaN
0.0,NaN,NaN
0.0,NaN,NaN
3.2084593096497858,0.291400624692797,-0.2115312689374454
2.8541509196271098,0.13266966224279014,-0.10015048826915046
3.326562106324011,0.08821259221691263,-0.06373253143464969
2.657312925170068,0.25896258224646146,-0.15087036781630048
2.519526329050138,0.15670036773191925,-0.23675932525918492
0.9645061728395061,-0.09603391902948982,-0.07893313957524833
0.07873519778281682,NaN,NaN
0.0,NaN,NaN
0.0,NaN,NaN
0.0,NaN,NaN
0.03936759889140841,NaN,NaN
0.0,NaN,NaN
2.1061665406903503,-0.034432006742286414,-0.015472455618409486
0.11810279667422524,-0.026397909370406203,-0.06667973891083262
0.0,NaN,NaN
0.19683799445704206,0.07726912910107969,0.038502129764042325
2.401423532375913,-0.0942860011244866,0.03081190948911816
0.17715419501133786,-0.05150239417875424,-0.16776338260501078
0.05905139833711262,NaN,NaN
0.019683799445704205,NaN,NaN
0.0,NaN,NaN
0.03936759889140841,NaN,NaN
0.0,NaN,NaN
0.0,NaN,NaN
0.11810279667422524,NaN,NaN
0.0,NaN,NaN
0.0,NaN,NaN
0.0,NaN,NaN
1.810909549004787,-0.09701175901515446,-0.05804399441844954
0.07873519778281682,NaN,NaN
0.019683799445704205,NaN,NaN
0.0,NaN,NaN
0.0,NaN,NaN
0.0,NaN,NaN
0.0,NaN,NaN
0.0,NaN,NaN
0.0,NaN,NaN
0.0,NaN,NaN
0.0,NaN,NaN
0.0,NaN,NaN
1.259763164525069,-0.0797340458729503,-0.1339848263751403
0.019683799445704205,NaN,NaN
0.03936759889140841,NaN,NaN
0.0,NaN,NaN
0.0,NaN,NaN
0.0,NaN,NaN
0.0,NaN,NaN
0.0,NaN,NaN
0.0,NaN,NaN
0.0,-0.461,-0.522
0.0,NaN,NaN
0.0,NaN,NaN
0.8267195767195766,-0.05483719820950683,-0.14254121122259222
0.03936759889140841,NaN,NaN
0.0,NaN,NaN
0.0,NaN,NaN
0.0,NaN,NaN
0.0,NaN,NaN
0.0,NaN,NaN
0.0,NaN,NaN
0.0,-0.461,-0.522
0.0,-0.461,-0.522
0.0,NaN,NaN
0.0,NaN,NaN
0.5314625850340136,-0.02040813987860174,-0.11145549077669265
0.0,NaN,NaN
0.03936759889140841,NaN,NaN
0.0,NaN,NaN
0.0,NaN,NaN
0.0,NaN,NaN
0.0,NaN,NaN
0.0,NaN,NaN
0.0,-0.461,-0.522
0.0,-0.461,-0.522
0.0,-0.461,-0.522
0.0,NaN,NaN
0.3543083900226757,-0.0453915713560627,-0.16787245117715793
0.03936759889140841,NaN,NaN
0.03936759889140841,NaN,NaN
0.019683799445704205,NaN,NaN
0.0,NaN,NaN
0.0,NaN,NaN
0.0,NaN,NaN
0.0,-0.461,-0.522
0.0,-0.461,-0.522
0.0,-0.461,-0.522
0.0,-0.461,-0.522
0.0,NaN,NaN
0.21652179390274626,0.04970362216099472,-0.15575339953982498
0.019683799445704205,NaN,NaN
0.0,NaN,NaN
0.0,NaN,NaN
0.0,NaN,NaN
0.0,NaN,NaN
0.0,NaN,NaN
0.0,-0.461,-0.522
0.0,-0.461,-0.522
0.0,-0.461,-0.522
0.0,-0.461,-0.522
0.0,NaN,NaN
0.15747039556563364,0.08815034325477783,0.004475940676766599
0.0,NaN,NaN
0.0,NaN,NaN
0.0,NaN,NaN
0.0,NaN,NaN
0.0,NaN,NaN
0.0,NaN,NaN
0.0,-0.461,-0.522
0.0,-0.461,-0.522
0.0,-0.461,-0.522
0.0,-0.461,-0.522
0.0,NaN,NaN
0.13778659611992944,NaN,NaN
0.0,NaN,NaN
0.019683799445704205,NaN,NaN
0.019683799445704205,NaN,NaN
0.0,NaN,NaN
0.0,NaN,NaN
0.0,NaN,NaN
0.0,-0.461,-0.522
0.0,-0.461,-0.522
0.0,-0.461,-0.522
0.0,-0.461,-0.522
0.0,-0.461,-0.522
0.07873519778281682,NaN,NaN
0.0,NaN,NaN
0.0,NaN,NaN
0.019683799445704205,NaN,NaN
0.0,NaN,NaN
0.0,NaN,NaN
0.0,NaN,NaN
0.0,-0.461,-0.522
0.0,-0.461,-0.522
0.0,-0.461,-0.522
0.0,-0.461,-0.522
0.0,-0.461,-0.522
0.09841899722852103,NaN,NaN
0.019683799445704205,NaN,NaN
0.0,NaN,NaN
0.03936759889140841,NaN,NaN
0.0,NaN,NaN
0.0,NaN,NaN
0.0,-0.461,-0.522
0.0,-0.461,-0.522
2.499842529604434,-0.06209052327216613,-0.13680486987029683
1.436917359536407,-0.054028978387305415,-0.12269471676318977
0.5314625850340136,-0.0448538309610329,-0.14324423468376074
0.15747039556563364,-0.1218566967763266,-0.1607845049438077
0.09841899722852103,NaN,NaN
0.05905139833711262,NaN,NaN
0.0,NaN,NaN
0.0,NaN,NaN
0.0,NaN,NaN
0.0,NaN,NaN
0.0,NaN,NaN
0.0,NaN,NaN
2.952569916855631,0.22979277676541016,-0.1887652528705166
2.834467120181406,-0.07824167916574726,-0.014928400197020464
2.9328861174099266,-0.053820775496280615,-0.04251151045186269
3.2871945074326026,0.10167076988740448,0.017598298428399217
2.657312925170068,0.3034235496976658,-0.2529748872697463
1.5550201562106323,-0.08717451236832918,-0.08046768159288847
0.23620559334845048,0.019777134216416803,-0.21459472006999508
0.019683799445704205,NaN,NaN
0.0,NaN,NaN
0.0,NaN,NaN
0.0,NaN,NaN
0.0,NaN,NaN
0.2558893927941547,-0.010738461277193745,-0.05321063504365464
0.17715419501133786,0.04880802515653254,0.07497401800583914
0.3149407911312673,0.02828470577908132,-0.07929563130426626
0.2952569916855631,0.0057751680545409245,-0.08831765858834234
2.676996724615772,0.15653287610764793,-0.21851475676842042
0.2558893927941547,0.002053059605269192,-0.139226801600847
0.019683799445704205,NaN,NaN
0.03936759889140841,NaN,NaN
0.0,NaN,NaN
0.0,NaN,NaN
0.0,NaN,NaN
0.0,NaN,NaN
0.0,NaN,NaN
0.0,NaN,NaN
0.0,NaN,NaN
0.0,NaN,NaN
0.0,NaN,NaN
0.11810279667422524,NaN,NaN
0.0,NaN,NaN
0.0,NaN,NaN
0.0,NaN,NaN
0.0,NaN,NaN
0.0,NaN,NaN
0.0,NaN,NaN
0.0,NaN,NaN
0.0,NaN,NaN
0.0,NaN,NaN
0.0,NaN,NaN
0.0,NaN,NaN
0.03936759889140841,NaN,NaN
0.019683799445704205,NaN,NaN
0.0,NaN,NaN
0.019683799445704205,NaN,NaN
0.0,NaN,NaN
0.0,NaN,NaN
0.0,NaN,NaN
0.0,NaN,NaN
0.0,NaN,NaN
0.0,NaN,NaN
0.0,NaN,NaN
0.9448223733938019,-0.008050658753465167,-0.089404327132387
0.05905139833711262,NaN,NaN
0.03936759889140841,NaN,NaN
0.0,NaN,NaN
0.0,NaN,NaN
0.0,NaN,NaN
0.0,NaN,NaN
0.0,NaN,NaN
0.0,NaN,NaN
0.0,-0.461,-0.522
0.0,-0.461,-0.522
0.0,NaN,NaN
0.2952569916855631,-0.0970459244850731,-0.18176508899596744
0.019683799445704205,NaN,NaN
0.0,NaN,NaN
0.0,NaN,NaN
0.0,NaN,NaN
0.0,NaN,NaN
0.0,NaN,NaN
0.0,NaN,NaN
0.0,-0.461,-0.522
0.0,-0.461,-0.522
0.0,-0.461,-0.522
0.0,NaN,NaN
0.11810279667422524,NaN,NaN
0.0,NaN,NaN
0.0,NaN,NaN
0.019683799445704205,NaN,NaN
0.0,NaN,NaN
0.0,NaN,NaN
0.0,NaN,NaN
0.0,NaN,NaN
0.0,-0.461,-0.522
0.0,-0.461,-0.522
0.0,-0.461,-0.522
0.0,-0.461,-0.522
0.07873519778281682,NaN,NaN
0.0,NaN,NaN
0.03936759889140841,NaN,NaN
0.0,NaN,NaN
0.0,NaN,NaN
0.0,NaN,NaN
0.0,NaN,NaN
0.0,-0.461,-0.522
0.0,-0.461,-0.522
0.0,-0.461,-0.522
0.0,-0.461,-0.522
0.0,-0.461,-0.522
0.05905139833711262,NaN,NaN
0.03936759889140841,NaN,NaN
0.03936759889140841,NaN,NaN
0.0,NaN,NaN
0.0,NaN,NaN
0.0,NaN,NaN
0.0,NaN,NaN
0.0,-0.461,-0.522
0.0,-0.461,-0.522
0.0,-0.461,-0.522
0.0,-0.461,-0.522
0.0,-0.461,-0.522
0.03936759889140841,NaN,NaN
0.0,NaN,NaN
0.0,NaN,NaN
0.0,NaN,NaN
0.03936759889140841,NaN,NaN
0.03936759889140841,NaN,NaN
0.0,NaN,NaN
0.0,-0.461,-0.522
0.0,-0.461,-0.522
0.0,-0.461,-0.522
0.0,-0.461,-0.522
0.0,-0.461,-0.522
0.03936759889140841,NaN,NaN
0.0,NaN,NaN
0.0,NaN,NaN
0.0,NaN,NaN
0.0,NaN,NaN
0.0,NaN,NaN
0.0,NaN,NaN
0.0,-0.461,-0.522
0.0,-0.461,-0.522
0.0,-0.461,-0.522
0.0,-0.461,-0.522
0.0,-0.461,-0.522
0.019683799445704205,NaN,NaN
0.019683799445704205,NaN,NaN
0.0,NaN,NaN
0.019683799445704205,NaN,NaN
0.0,NaN,NaN
0.0,NaN,NaN
0.0,NaN,NaN
0.0,-0.461,-0.522
0.0,-0.461,-0.522
0.0,-0.461,-0.522
0.0,-0.461,-0.522
0.0,-0.461,-0.522
0.05905139833711262,NaN,NaN
0.019683799445704205,NaN,NaN
0.03936759889140841,NaN,NaN
0.0,NaN,NaN
0.0,NaN,NaN
0.0,NaN,NaN
0.0,-0.461,-0.522
0.0,-0.461,-0.522
0.3149407911312673,-0.059114818500920596,-0.0984362587444621
0.03936759889140841,NaN,NaN
0.019683799445704205,NaN,NaN
0.019683799445704205,NaN,NaN
0.019683799445704205,NaN,NaN
0.0,NaN,NaN
0.0,NaN,NaN
0.0,NaN,NaN
0.0,NaN,NaN
0.0,NaN,NaN
0.0,NaN,NaN
0.0,NaN,NaN
0.0,NaN,NaN
0.0,NaN,NaN
0.0,NaN,NaN
0.0,NaN,NaN
0.0,NaN,NaN
0.0,NaN,NaN
0.0,NaN,NaN
0.0,NaN,NaN
0.0,NaN,NaN
0.03936759889140841,NaN,NaN
0.0,NaN,NaN
0.0,NaN,NaN
0.0,NaN,NaN
0.0,NaN,NaN
0.0,NaN,NaN
0.0,NaN,NaN
0.0,NaN,NaN
0.0,NaN,NaN
0.0,NaN,NaN
0.0,NaN,NaN
0.0,NaN,NaN
0.0,NaN,NaN
0.0,NaN,NaN
0.0,NaN,NaN
0.0,NaN,NaN
0.0,NaN,NaN
0.0,NaN,NaN
0.0,NaN,NaN
0.0,NaN,NaN
0.0,NaN,NaN
0.0,NaN,NaN
0.0,NaN,NaN
0.0,NaN,NaN
0.0,NaN,NaN
0.0,NaN,NaN
0.0,NaN,NaN
0.0,NaN,NaN
0.0,NaN,NaN
0.0,NaN,NaN
0.0,NaN,NaN
0.0,-0.461,-0.522
0.019683799445704205,NaN,NaN
0.019683799445704205,NaN,NaN
0.0,NaN,NaN
0.0,NaN,NaN
0.0,NaN,NaN
0.0,NaN,NaN
0.0,NaN,NaN
0.0,NaN,NaN
0.0,NaN,NaN
0.0,NaN,NaN
0.0,NaN,NaN
0.0,-0.461,-0.522
0.0,NaN,NaN
0.0,NaN,NaN
0.0,NaN,NaN
0.0,NaN,NaN
0.0,NaN,NaN
0.0,NaN,NaN
0.0,NaN,NaN
0.0,-0.461,-0.522
0.2558893927941547,NaN,NaN
0.0,NaN,NaN
0.0,NaN,NaN
0.0,-0.461,-0.522
0.019683799445704205,NaN,NaN
0.0,NaN,NaN
0.03936759889140841,NaN,NaN
0.0,NaN,NaN
0.0,NaN,NaN
0.0,NaN,NaN
0.0,NaN,NaN
0.0,-0.461,-0.522
0.0,-0.461,-0.522
0.0,-0.461,-0.522
0.0,-0.461,-0.522
0.0,-0.461,-0.522
0.0,NaN,NaN
0.019683799445704205,NaN,NaN
0.0,NaN,NaN
0.0,NaN,NaN
0.0,NaN,NaN
0.0,NaN,NaN
0.0,NaN,NaN
0.0,-0.461,-0.522
0.0,-0.461,-0.522
0.0,-0.461,-0.522
0.0,-0.461,-0.522
0.0,-0.461,-0.522
0.0,NaN,NaN
0.0,NaN,NaN
0.019683799445704205,NaN,NaN
0.03936759889140841,NaN,NaN
0.0,NaN,NaN
0.0,NaN,NaN
0.0,-0.461,-0.522
0.0,-0.461,-0.522
0.0,-0.461,-0.522
0.0,-0.461,-0.522
0.0,-0.461,-0.522
0.0,NaN,NaN
0.0,NaN,NaN
0.03936759889140841,NaN,NaN
0.0,NaN,NaN
0.0,NaN,NaN
0.0,NaN,NaN
0.0,NaN,NaN
0.0,-0.461,-0.522
0.0,-0.461,-0.522
0.0,-0.461,-0.522
0.0,-0.461,-0.522
0.0,-0.461,-0.522
0.0,NaN,NaN
0.0,NaN,NaN
0.0,NaN,NaN
0.0,NaN,NaN
0.0,NaN,NaN
0.0,NaN,NaN
0.0,NaN,NaN
0.0,-0.461,-0.522
0.0,-0.461,-0.522
0.0,-0.461,-0.522
0.0,-0.461,-0.522
0.0,-0.461,-0.522
0.019683799445704205,NaN,NaN
0.03936759889140841,NaN,NaN
0.03936759889140841,NaN,NaN
0.0,NaN,NaN
0.019683799445704205,NaN,NaN
0.0,NaN,NaN
0.0,NaN,NaN
0.0,-0.461,-0.522
0.0,-0.461,-0.522
0.0,-0.461,-0.522
0.0,-0.461,-0.522
0.0,-0.461,-0.522
0.0,NaN,NaN
0.019683799445704205,NaN,NaN
0.019683799445704205,NaN,NaN
0.0,NaN,NaN
0.0,NaN,NaN
0.0,NaN,NaN
0.0,NaN,NaN
0.0,-0.461,-0.522
0.0,-0.461,-0.522
0.0,-0.461,-0.522
0.0,-0.461,-0.522
0.0,-0.461,-0.522
0.03936759889140841,NaN,NaN
0.0,NaN,NaN
0.0,NaN,NaN
0.0,NaN,NaN
0.0,NaN,NaN
0.0,NaN,NaN
0.0,-0.461,-0.522
0.0,-0.461,-0.522
2.657312925170068,0.042336942447875725,-0.19396216729185034
2.3030045351473922,0.07403161603968095,-0.18132154030833425
2.3620559334845046,0.08943327025555553,-0.20446233691587545
2.4211073318216174,0.1280782471712099,-0.1900007343569507
2.4211073318216174,-0.016302959323632182,-0.1173827507532767
2.381739732930209,0.002083853479644737,-0.08317023371860005
2.184901738473167,-0.10398085955917696,0.02507860140467033
2.066798941798942,-0.12504446571745653,0.039182712560485555
1.73217435122197,-0.18982265780546448,0.13879690984326942
1.3778659611992945,-0.13864247145059033,0.07799417887896831
1.0629251700680271,-0.03989457197455776,-0.15079785873395918
0.6298815822625345,-0.07783513367068118,-0.06018178882880554
2.657312925170068,0.029118587225640036,-0.17006057285895648
2.460474930713026,0.09110433441509941,-0.20269798391397886
2.263636936255984,0.18613197630406692,-0.2294491307585596
2.834467120181406,0.09884365756639008,-0.14319616141435237
2.7360481229528846,0.12309405866207129,-0.1923512675784877
2.657312925170068,0.12183147599411132,-0.18181636428604658
2.676996724615772,0.04712380346219852,-0.1453125420618061
2.775415721844293,0.027747061814251406,-0.07920567190051914
2.401423532375913,-0.03087876967257497,-0.05069969917606382
2.322688334593096,-0.23115422370033598,0.22863160419692963
1.9880637440161248,-0.1924931481754401,0.16864185971815582
1.7124905517762659,-0.14757038182945986,0.11317077107472018
2.657312925170068,0.05062727424420349,-0.17714817073829475
2.5982615268329554,0.06235960749955888,-0.17327247090270803
2.460474930713026,0.04049642870440168,-0.1850169716645807
3.0313051146384478,0.13191637665051953,-0.18326115683619543
2.637629125724364,0.08378688952503471,-0.17048681894352752
2.755731922398589,0.052017488185070515,-0.11052654800460954
2.2439531368102794,0.006892396794406064,-0.07764324130601341
2.401423532375913,-0.17797490491782691,0.14335431811061572
2.204585537918871,-0.21312566097080826,0.23184909295583367
1.73217435122197,-0.20616323040701817,0.17183086064859954
1.141660367850844,-0.12786742711530147,-0.03811684261545817
0.6101977828168303,-0.08511506004570363,-0.1363516655383583
2.775415721844293,0.09298475696222902,-0.1816616284146243
2.519526329050138,0.12403508709502281,-0.21091624880356447
2.9919375157470394,0.156223264756366,-0.22973447531625146
2.676996724615772,0.13105972926981718,-0.1943393693074773
2.6179453262786594,0.09301976516495586,-0.15473359527130376
2.3423721340388006,0.06700652639141141,-0.10046359493414664
2.2242693373645754,-0.11869409727906388,0.08356560878677832
1.8502771478961955,-0.20127776070641534,0.20117850126223458
1.2991307634164777,-0.11271273613407967,-0.0330319184047011
0.669249181153943,-0.05043980529242992,-0.08136515641684244
0.2952569916855631,-0.1472919328986086,-0.06713867191958206
0.11810279667422524,NaN,NaN
2.834467120181406,0.06300167134278717,-0.21362301426011704
2.834467120181406,0.06447055892379389,-0.17764805301362774
2.578577727387251,0.17108771771358883,-0.22984414419399407
2.5982615268329554,0.1914326043023093,-0.2172892035474207
2.578577727387251,0.10771328635767269,-0.1902003466798658
2.696680524061476,-0.07336067480918379,-0.02810274447807587
1.9683799445704206,-0.1326834478257431,-0.010606466746210352
1.4762849584278155,-0.08601044473392777,-0.07882269550488674
0.7086167800453514,-0.06509193660957763,-0.13537749311997738
0.3149407911312673,-0.04499915353413603,-0.08776368562080322
0.11810279667422524,NaN,NaN
0.07873519778281682,NaN,NaN
2.6179453262786594,0.05953719061637658,-0.18581788348594797
2.775415721844293,0.13925140609987957,-0.193615275475842
2.676996724615772,0.19053428964066416,-0.2330849723530744
2.696680524061476,0.16197029909123978,-0.2127966868527631
2.7360481229528846,0.10704970503695405,-0.1456075272479237
2.401423532375913,-0.05461201190590864,-0.0029217256581572926
1.7912257495590826,-0.10154909413282864,-0.0008235671582861315
1.043241370622323,-0.12399487972095341,-0.023994647097521526
0.3936759889140841,-0.025921645739396593,-0.08927725040937023
0.13778659611992944,0.08819551614557225,-0.1857862093571812
0.03936759889140841,NaN,NaN
0.03936759889140841,NaN,NaN
2.499842529604434,0.16587130451446336,-0.2190001562725491
2.5588939279415466,0.10329454321675585,-0.2102187621460122
2.696680524061476,0.14280347480416639,-0.19451486757533415
2.5392101284958426,0.15675895810908486,-0.2369734119943927
2.578577727387251,0.04787811383853385,-0.12872584878830406
2.283320735701688,-0.07683190930486217,-0.05129609780511901
1.6731229528848575,-0.08132878376724173,-0.12141942057471639
0.7479843789367598,-0.09364983465256982,-0.11271148422734123
0.2558893927941547,-0.07104923910465472,-0.1103919637586322
0.09841899722852103,NaN,NaN
0.0,NaN,NaN
0.03936759889140841,NaN,NaN
2.834467120181406,0.06236811601516762,-0.18850314179826283
2.834467120181406,0.180782969682232,-0.22810225463190975
2.5392101284958426,0.2915944286405517,-0.25394590421938285
2.952569916855631,0.16020435882390666,-0.23035198791346984
2.8541509196271098,-0.01408571016975424,-0.1217517236613429
2.283320735701688,-0.06969348897087624,-0.07776922739898873
1.3581821617535903,-0.08765002848865888,-0.1089823669955291
0.49209498614260516,0.010441835154619383,-0.17981404604923212
0.15747039556563364,-0.06875735866489185,-0.2507557063780999
0.05905139833711262,NaN,NaN
0.0,NaN,NaN
0.0,NaN,NaN
2.696680524061476,0.06089979478708646,-0.16229055816857763
2.578577727387251,0.1891212512494505,-0.23093004947277285
2.637629125724364,0.21803176231068572,-0.23997012533727513
3.0116213151927433,0.16277526235803047,-0.22903742790998277
2.676996724615772,0.055427402877625875,-0.11701957713306904
2.1258503401360542,-0.1293622663843032,0.017968544337857772
1.1810279667422523,-0.06931453403455712,-0.12807165941424753
0.3543083900226757,0.04143173469683009,-0.2024685644263799
0.07873519778281682,NaN,NaN
0.019683799445704205,NaN,NaN
0.0,NaN,NaN
0.0,-0.461,-0.522
2.696680524061476,0.10327029500980306,-0.18492002994159135
2.499842529604434,0.19756787191489306,-0.23192563816908918
2.5588939279415466,0.17634385498857003,-0.21619584508881934
2.637629125724364,0.22434906422023232,-0.24325032207956948
2.578577727387251,0.04680463308111976,-0.14536520803530384
2.0471151423532374,-0.11381891864381494,0.021380468532347874
0.8857709750566892,-0.10839903966712838,-0.09827621524363978
0.2952569916855631,-0.022074562542450993,-0.2329833783815805
0.05905139833711262,NaN,NaN
0.03936759889140841,NaN,NaN
0.0,NaN,NaN
0.0,-0.461,-0.522
2.952569916855631,0.2207610966121994,-0.24664191670173963
3.0116213151927433,0.23274200458431699,-0.25311297323050236
2.8147833207357014,0.28499879230234343,-0.26655240198261543
2.6179453262786594,0.2147078314922169,-0.2605602609543741
2.48015873015873,0.06858237383956006,-0.14322613709049942
1.9290123456790123,-0.07118594472427403,-0.04415639947971417
0.767668178382464,-0.08415464946248197,-0.16043186437143475
0.19683799445704206,0.0032761795961611107,-0.12613312469831173
0.05905139833711262,NaN,NaN
0.0,NaN,NaN
0.0,NaN,NaN
0.0,-0.461,-0.522
3.0313051146384478,0.15851071760163954,-0.2193142225326546
2.7950995212899974,0.2413353378221718,-0.2569454849425126
2.7950995212899974,0.29645944998830426,-0.2758219738051344
2.5982615268329554,0.20445366373019574,-0.22619194890414934
2.283320735701688,0.15873599117369447,-0.18953519261348117
1.5747039556563365,-0.09367438922493959,-0.11202427946111221
0.6101977828168303,-0.008978060502527141,-0.14976256269377752
0.21652179390274626,0.06942181381105234,-0.26062421562227733
0.03936759889140841,NaN,NaN
0.0,NaN,NaN
0.0,NaN,NaN
0.0,-0.461,-0.522
2.9132023179642226,0.130756368964217,-0.2124730362471885
2.637629125724364,0.19803119573798728,-0.23626286805636354
2.9132023179642226,0.2510285934787578,-0.25238002686881156
2.7163643235071806,0.30236312709644303,-0.2910907852313549
2.401423532375913,-0.00844590144689894,-0.05705313007497842
1.6731229528848575,-0.08924074263048282,-0.07889568807962494
0.5511463844797178,-0.03246253763804752,-0.22122132664100813
0.11810279667422524,NaN,NaN
0.03936759889140841,NaN,NaN
0.0,NaN,NaN
0.0,NaN,NaN
0.0,-0.461,-0.522
3.0313051146384478,0.18316617595193269,-0.23554755032580849
2.873834719072814,0.23182005436787162,-0.24453486056076357
2.775415721844293,0.21271584362977874,-0.24527140438107814
2.7163643235071806,0.23727754766745318,-0.24554615201343255
2.1258503401360542,0.047218247235751354,-0.1488025279875313
1.4566011589821113,-0.06489525829742493,-0.08994403118622901
0.47241118669690096,-0.014199323453393475,-0.12980259821498802
0.11810279667422524,NaN,NaN
0.05905139833711262,NaN,NaN
0.03936759889140841,NaN,NaN
0.0,-0.461,-0.522
0.0,-0.461,-0.522
