r,transport,diffusive,turnover
0.005,-0.9243829240449972,-0.04151126260001358,0.9243829240450024
0.015,-0.9241655314415486,-0.041485479169719085,0.9241655314437719
0.025,-0.9237305520553876,-0.041451063341257914,0.9237305520572509
0.035,-0.923078101250479,-0.04139796631537074,0.9230781012528555
0.045,-0.9222082197758054,-0.04132378545390491,0.9222082197778747
0.055,-0.9211208516303174,-0.041227967520497295,0.9211208516312591
0.065,-0.9198158428984465,-0.04111048121176764,0.9198158429003894
0.075,-0.9182929452145558,-0.04097145788664192,0.9182929452157351
0.085,-0.9165518203152514,-0.0408110719590584,0.9165518203159079
0.095,-0.9145920445643384,-0.04062949789092405,0.9145920445665118
0.105,-0.9124131130750327,-0.040426895464112635,0.9124131130777718
0.115,-0.9100144433612026,-0.04020340627836316,0.9100144433600754
0.125,-0.9073953785629182,-0.03995915475843059,0.9073953785635347
0.135,-0.904555190379974,-0.03969425090283513,0.9045551903814281
0.145,-0.901493081702173,-0.039408793467784344,0.9014930817032307
0.155,-0.8982081890922557,-0.03910287314891177,0.8982081890951427
0.165,-0.8946995851750857,-0.038776575551823005,0.8946995851769612
0.17500000000000002,-0.8909662809553986,-0.038429983864721566,0.8909662809547214
0.185,-0.8870072281576662,-0.03806318128583732,0.8870072281589425
0.195,-0.8828213216298201,-0.037676253241428835,0.8828213216319009
0.20500000000000002,-0.8784074017991509,-0.03726928938996094,0.8784074018017468
0.215,-0.8737642572736498,-0.036842385512142896,0.8737642572763493
0.225,-0.8688906275858522,-0.03639564529272089,0.8688906275871483
0.23500000000000001,-0.8637852061112719,-0.03592918202989588,0.8637852061105722
0.245,-0.8584466431913035,-0.03544312030285554,0.8584466431937338
0.255,-0.8528735495080247,-0.03493759763822652,0.852873549508878
0.265,-0.8470644996611865,-0.034412766123926804,0.8470644996627547
0.275,-0.8410180360854012,-0.03386879408894062,0.8410180360847286
0.28500000000000003,-0.8347326732171235,-0.03330586774918651,0.834732673219547
0.295,-0.8282069020467606,-0.032724192930313346,0.8282069020493688
0.305,-0.8214391949704422,-0.03212399676774333,0.8214391949728522
0.315,-0.8144280110655072,-0.031505529474175197,0.8144280110671465
0.325,-0.8071718017603159,-0.030869066123515188,0.8071718017619778
0.335,-0.7996690169517782,-0.030214908468081475,0.7996690169542781
0.34500000000000003,-0.7919181115941156,-0.029543386781965834,0.7919181115942536
0.355,-0.7839175527734833,-0.028854861706950622,0.783917552774544
0.365,-0.7756658273542536,-0.028149726143719758,0.7756658273551975
0.375,-0.7671614501586562,-0.027428407107571325,0.7671614501582941
0.385,-0.7584029727671371,-0.02669136759081907,0.7584029727681685
0.395,-0.7493889929743587,-0.025939108413097926,0.7493889929735098
0.405,-0.740118164886956,-0.025172169994664477,0.7401181648892785
0.41500000000000004,-0.7305892097953327,-0.024391134124530266,0.730589209796984
0.425,-0.7208009277431879,-0.023596625594226657,0.7208009277442212
0.435,-0.7107522099441429,-0.022789313775128838,0.7107522099437347
0.445,-0.700442052011199,-0.02196991404289406,0.7004420520137528
0.455,-0.6898695680992567,-0.021139189081014975,0.689869568102332
0.465,-0.6790340059382451,-0.020297949971597416,0.6790340059389449
0.47500000000000003,-0.6679347628553477,-0.01944705709305964,0.667934762855788
0.485,-0.6565714028191398,-0.018587420784736127,0.6565714028215458
0.495,-0.6449436745309371,-0.017720001733615272,0.6449436745311748
0.505,-0.6330515305919185,-0.016845811030136014,0.6330515305929396
0.515,-0.6208951478510647,-0.015965909921163195,0.6208951478525737
0.525,-0.6084749488924346,-0.01508140915323357,0.6084749488940749
0.535,-0.5957916247511502,-0.014193467917125875,0.5957916247524914
0.545,-0.582846158871241,-0.013303292345743746,0.582846158871837
0.555,-0.5696398523343958,-0.012412133533367667,0.5696398523371154
0.5650000000000001,-0.5561743504030116,-0.011521285061727098,0.5561743504029604
0.5750000000000001,-0.5424516703389503,-0.010632079966048126,0.5424516703381976
0.585,-0.5284742305936861,-0.009745887191111281,0.5284742305949874
0.595,-0.514244881304289,-0.008864107467068071,0.5142448813044254
0.605,-0.49976693608768924,-0.007988168593188662,0.4997669360884033
0.615,-0.4850442051666104,-0.0071195201893861065,0.48504420516604974
0.625,-0.470081029718159,-0.006259627854975636,0.4700810297187985
0.635,-0.4548823174582498,-0.005409966810593052,0.45488231745898056
0.645,-0.4394535793318354,-0.004572015009167984,0.4394535793296789
0.655,-0.42380096723851196,-0.0037472457770381727,0.4238009672394982
0.665,-0.40793131270926575,-0.002937120074293741,0.4079313127099937
0.675,-0.3918521662841604,-0.0021430783445209175,0.39185216628394415
0.685,-0.3755718375097419,-0.0013665321347396675,0.37557183750992706
0.6950000000000001,-0.3590994352800935,-0.0006088555173305526,0.3590994352802668
0.705,-0.3424449082558827,0.00012862358613345196,0.34244490825822427
0.715,-0.32561908508369647,0.0008446320445790578,0.3256190850829632
0.725,-0.30863371399209605,0.0015379600589261267,0.3086337139918538
0.735,-0.2915015014416476,0.0022074694063387544,0.2915015014422617
0.745,-0.27423614925738166,0.0028521013528842415,0.27423614925716155
0.755,-0.2568523897569767,0.003470884062980626,0.25685238975627966
0.765,-0.23936601826605253,0.004062939400249951,0.23936601826766546
0.775,-0.22179392234765044,0.004627489009229718,0.221793922347579
0.785,-0.2041541069704865,0.005163859609834167,0.20415410696987824
0.795,-0.18646571487653016,0.005671487365577756,0.18646571487703434
0.805,-0.16874904122350887,0.006149921295733221,0.16874904122498147
0.8150000000000001,-0.1510255415957334,0.006598825663889337,0.15102554159600157
0.8250000000000001,-0.1333178324070589,0.007017981308466984,0.13331783240627282
0.835,-0.11564968269709092,0.00740728589504627,0.1156496826972625
0.845,-0.09804599628211493,0.007766753084654781,0.09804599628287225
0.855,-0.08053278322368469,0.008096510636625106,0.08053278322430524
0.865,-0.06313711962094855,0.008396797477218424,0.06313711962199986
0.875,-0.04588709476628847,0.008667959749790455,0.04588709476691932
0.885,-0.028811744767514035,0.008910445912700252,0.028811744768000302
0.895,-0.011940971879000162,0.009124800915839828,0.011940971880177731
0.905,0.00469455110019831,0.009311659507641639,-0.00469455110173711
0.915,0.021063491843052295,0.009471738736929263,-0.02106349184451628
0.925,0.037133985131813964,0.00960582965954409,-0.03713398513376376
0.935,0.052873775211693924,0.009714788358452714,-0.052873775212488594
0.9450000000000001,0.06825037357064664,0.009799526278698378,-0.06825037357016228
0.9550000000000001,0.08323123167153049,0.00986099996721772,-0.08323123167277013
0.965,0.09778392783785644,0.009900200306668773,-0.09778392783775569
0.975,0.11187636716100038,0.009918141299709788,-0.11187636716171845
0.985,0.12547699310749558,0.009915848566321479,-0.12547699310855864
0.995,0.1385550090857545,0.009894347659036197,-0.13855500908740992
1.0050000000000001,0.15108060807910662,0.009854652420036872,-0.15108060808222135
1.0150000000000001,0.16302520814897287,0.00979775357145304,-0.1630252081477812
1.025,0.17436169137190377,0.009724607748277006,-0.1743616913718593
1.035,0.18506464371738315,0.009636127332730811,-0.1850646437195369
1.045,0.1951105930315539,0.009533171293686023,-0.1951105930308905
1.055,0.20447824232414605,0.009416537358290586,-0.20447824232270317
1.065,0.21314869546747572,0.009286955867522689,-0.21314869546905313
1.075,0.2211056722796046,0.009145085535847674,-0.22110567227923372
1.085,0.2283357099771315,0.008991511385379687,-0.2283357099794181
1.095,0.23482834810070982,0.008826745143339742,-0.23482834810204856
1.105,0.24057629382017495,0.008651228146981976,-0.24057629381899703
1.115,0.24557556481039164,0.008465336953202295,-0.24557556481012655
1.125,0.24982560683292201,0.008269391622181928,-0.2498256068341287
1.135,0.2533293832774104,0.008063666581772603,-0.25332938327843446
1.145,0.25609343411715557,0.00784840394593356,-0.2560934341147758
1.155,0.2581279018689619,0.0076238289761347946,-0.25812790186700796
1.165,0.25944652243706795,0.007390167339786514,-0.25944652243883204
1.175,0.2600665789623482,0.0071476636704198475,-0.2600665789610235
1.185,0.26000881719789776,0.006896600836919867,-0.2600088171970183
1.195,0.25929732150179474,0.00663731933805904,-0.2592973215051253
1.205,0.25795935091771954,0.0063702360217079874,-0.2579593509167466
1.215,0.2560251355418954,0.006095861346891938,-0.25602513554185524
1.225,0.25352763424298297,0.005814814485644015,-0.25352763424220215
1.235,0.2505022553431775,0.005527835344176187,-0.250502255342836
1.245,0.24698654302710665,0.00523579285820583,-0.24698654302383383
1.2550000000000001,0.24301983295147195,0.004939688818413749,-0.24301983295160645
1.2650000000000001,0.23864288164085837,0.004640656805832158,-0.23864288163623182
1.2750000000000001,0.23389747488637783,0.004339955723301296,-0.23389747488469892
1.285,0.22882602152253706,0.00403895795001685,-0.22882602151969023
1.295,0.223471139227659,0.0037391320074951994,-0.22347113922731032
1.305,0.21787523991259725,0.003442020247849835,-0.21787523991059654
1.315,0.21208012224057698,0.0031492120202502487,-0.212080122238123
1.325,0.20612657914470953,0.0028623132496880866,-0.20612657914120147
1.335,0.20005402784331386,0.0025829134361758585,-0.20005402784046056
1.345,0.19390016952294964,0.0023125513435405995,-0.1939001695192233
1.355,0.18770068504965903,0.002052680681488207,-0.18770068504673998
1.365,0.18148897221368715,0.0018046372316531006,-0.18148897221094695
1.375,0.17529592876427413,0.001569608724882919,-0.17529592876071032
1.385,0.16914978425090688,0.001348608738188496,-0.1691497842488332
1.395,0.16307598227090478,0.0011424556889053522,-0.1630759822674388
1.405,0.15709711323489306,0.0009517577053962736,-0.15709711323169007
1.415,0.1512328964569483,0.0007769039536206464,-0.15123289645432747
1.425,0.14550020894843668,0.0006180625865512105,-0.1455002089473867
1.435,0.1399131572216606,0.0004751852432418943,-0.1399131572185608
1.445,0.1344831873595896,0.00034801765020026684,-0.1344831873579444
1.455,0.1292192279673939,0.00023611571567484606,-0.1292192279651483
1.465,0.12412785995958395,0.0001388661333444309,-0.12412785995932651
1.475,0.11921350706028296,5.551053484503066e-5,-0.119213507058612
1.485,0.11447864070636223,-1.4828020064689911e-5,-0.11447864070517899
1.495,0.10992399341973541,-7.311728313161593e-5,-0.10992399341669623
1.5050000000000001,0.10554877493833376,-0.00012038797921572109,-0.10554877493713977
1.5150000000000001,0.10135088611487413,-0.00015770681487507838,-0.10135088611185394
1.5250000000000001,0.09732712608406664,-0.0001861512833487021,-0.09732712608336636
1.5350000000000001,0.09347338913422283,-0.0002067868651392853,-0.09347338912999326
1.545,0.08978484825642606,-0.00022064724991842504,-0.08978484825251876
1.555,0.08625612337919565,-0.00022871776990993854,-0.08625612337584965
1.565,0.0828814327709446,-0.00023192230301452007,-0.08288143276756199
1.575,0.07965472695370004,-0.00023111356157337203,-0.0796547269502601
1.585,0.07656980498487813,-0.0002270666269886046,-0.07656980498247035
1.595,0.07362041348987021,-0.00022047546392016442,-0.07362041348808357
1.605,0.07080032922742194,-0.00021195207964436096,-0.07080032922434643
1.615,0.06810342629144808,-0.00020202793929385905,-0.06810342628952415
1.625,0.0655237293047839,-0.00019115719075724508,-0.06552372930230921
1.635,0.0630554540187532,-0.00017972133755408945,-0.06305545401798396
1.645,0.06069303691238243,-0.00016803490201139,-0.06069303690989014
1.655,0.058431155253280624,-0.00015635178249936375,-0.05843115525069553
1.665,0.056264739174242434,-0.00014487191916116965,-0.05626473917249797
1.675,0.054188977109582294,-0.00013374804390040986,-0.054188977108441394
1.685,0.05219931589802342,-0.0001230922736067742,-0.052199315896225285
1.695,0.05029145668897228,-0.00011298239071191467,-0.05029145668963397
1.705,0.04846134769239821,-0.00010346765597283877,-0.04846134769270427
1.715,0.04670517458962488,-9.457412304496122e-5,-0.04670517459051449
1.725,0.04501934940659042,-8.630934532188433e-5,-0.04501934940523422
1.735,0.043400498379748166,-7.866653048539856e-5,-0.04340049838126414
1.745,0.04184544938587748,-7.16280689509759e-5,-0.041845449385931044
1.7550000000000001,0.040351219213374104,-6.516856344760553e-5,-0.04035121921258433
1.7650000000000001,0.03891500107531366,-5.9257295631883034e-5,-0.03891500107356616
1.7750000000000001,0.037534152492306204,-5.386026048508018e-5,-0.0375341524926176
1.7850000000000001,0.03620618375421624,-4.8941759395219e-5,-0.036206183751174015
1.795,0.03492874698453871,-4.4465677472960254e-5,-0.034928746984640435
1.805,0.03369962597749652,-4.039638640731417e-5,-0.033699625975015524
1.815,0.03251672666921103,-3.669947455613338e-5,-0.032516726668481155
1.825,0.031378068412935424,-3.334218462789743e-5,-0.031378068409676496
1.835,0.03028177587869519,-3.0293752170054383e-5,-0.030281775878542305
1.845,0.029226071691051136,-2.7525541022812652e-5,-0.029226071687842303
1.855,0.02820926961121613,-2.501115252728029e-5,-0.028209269607575305
1.865,0.02722976837173465,-2.2726387555315333e-5,-0.027229768369254614
1.875,0.02628604600283746,-2.064919410065727e-5,-0.026286046000930652
1.885,0.025376654656047534,-1.8759565076325112e-5,-0.025376654654684083
1.895,0.02450021587720874,-1.7039406313201177e-5,-0.02450021587430684
1.905,0.023655416262102703,-1.5472408089429213e-5,-0.02365541625872769
1.915,0.022841003493310242,-1.4043889848194095e-5,-0.022841003490222667
1.925,0.022055782687580232,-1.2740660137572727e-5,-0.02205578268709929
1.935,0.021298613050735965,-1.155086578447349e-5,-0.02129861304837055
1.945,0.02056840476208681,-1.0463880704502549e-5,-0.02056840476194588
1.955,0.01986411615108844,-9.47014963515374e-6,-0.019864116147818578
1.965,0.019184751015773775,-8.561110878985326e-6,-0.01918475101507
1.975,0.018529356209261,-7.729055694396914e-6,-0.018529356209051606
1.985,0.017897019336649438,-6.967058629465929e-6,-0.017897019335862963
1.995,0.017286866645041483,-6.268883188236125e-6,-0.017286866643202448
2.005,0.016698061043271054,-5.6289098230045665e-6,-0.01669806104081295
2.015,0.016129800255805612,-5.042067468057002e-6,-0.016129800253898985
2.025,0.015581315098512634,-4.5037699189024834e-6,-0.015581315096195869
2.035,0.015051867850799826,-4.009871245274928e-6,-0.015051867848463463
2.045,0.014540750742171088,-3.5566122998161457e-6,-0.014540750739329145
2.055,0.014047284517216051,-3.1405859001108852e-6,-0.014047284516756076
2.065,0.013570817104181055,-2.7586880172691206e-6,-0.013570817101806742
2.075,0.013110722327070726,-2.408106007084341e-6,-0.013110722324195523
2.085,0.012666398731245853,-2.0862709410990124e-6,-0.012666398727891881
2.095,0.01223726844270061,-1.7908452622375213e-6,-0.012237268442315541
2.105,0.01182277611728636,-1.5196858794483461e-6,-0.011822776114975841
2.115,0.011422387909860833,-1.2708461482160532e-6,-0.011422387905297704
2.125,0.011035590533887973,-1.042544857822442e-6,-0.011035590531635053
2.1350000000000002,0.010661890367498848,-8.331408781947075e-7,-0.010661890366102655
2.145,0.010300812579388419,-6.411350899164487e-7,-0.010300812576203855
2.1550000000000002,0.00995190031356979,-4.6515927885390555e-7,-0.009951900310174455
2.165,0.009614713929107229,-3.039528209729921e-7,-0.00961471392604829
2.1750000000000003,0.00928883025894965,-1.5635961566024523e-7,-0.009288830257571101
2.185,0.008973841917251944,-2.1313795568742998e-8,-0.008973841914735603
2.195,0.008669356624072536,1.0215789865051967e-7,-0.0086693566214735
2.205,0.008374996586412494,2.149563211106264e-7,-0.008374996584408212
2.215,0.008090397890926767,3.1791154589599543e-7,-0.008090397887416945
2.225,0.007815209921030509,4.1178056669587376e-7,-0.00781520991837592
2.235,0.007549094826551304,4.972693105739924e-7,-0.007549094823233737
2.245,0.007291726984751038,5.750211141822119e-7,-0.007291726982806557
2.255,0.007042792517364175,6.456364664111396e-7,-0.007042792515491447
2.265,0.006801988802274059,7.096651320540089e-7,-0.006801988800174685
2.275,0.00656902402235614,7.676134894851529e-7,-0.006569024020884884
2.285,0.00634361673590901,8.199530379290578e-7,-0.006343616733319735
2.295,0.006125495451936002,8.671147202115545e-7,-0.006125495448577878
2.305,0.005914398237918269,9.094970715238031e-7,-0.005914398236174234
2.315,0.005710072343992111,9.474733718037358e-7,-0.005710072341549299
2.325,0.00551227382465639,9.813807192655161e-7,-0.005512273822162461
2.335,0.005320767204645127,1.0115367358603239e-6,-0.00532076720121899
2.345,0.0051353251313923974,1.0382285721588754e-6,-0.0051353251317465265
2.355,0.004955728076396938,1.0617362257264681e-6,-0.004955728074982346
2.365,0.004781763996450296,1.0823039969133485e-6,-0.004781763993069177
2.375,0.004613228057147969,1.1001599251109783e-6,-0.004613228055022622
2.3850000000000002,0.004449922354188741,1.1155211717260663e-6,-0.004449922352784963
2.395,0.004291655633498804,1.128587502099455e-6,-0.004291655629916624
2.4050000000000002,0.0041382430222999065,1.1395346599178255e-6,-0.004138243021400978
2.415,0.003989505803128324,1.1485392910072078e-6,-0.003989505801483828
2.4250000000000003,0.0038452711466923453,1.1557544852729015e-6,-0.0038452711451841814
2.435,0.0037053718988028653,1.1613286526029587e-6,-0.003705371894672238
2.445,0.0035696463394100987,1.1653884369449418e-6,-0.0035696463373235954
2.455,0.0034379379959754383,1.1680662693003285e-6,-0.0034379379934945664
2.465,0.003310095410781641,1.1694751926673207e-6,-0.003310095408224356
2.475,0.003185971955703527,1.1697224695932831e-6,-0.0031859719525562102
2.485,0.0030654256374335765,1.168906587304296e-6,-0.0030654256337558916
2.495,0.0029483189108164645,1.1671150489176174e-6,-0.0029483189109569263
2.505,0.0028345185175593186,1.1644405832461607e-6,-0.0028345185183054067
2.515,0.00272389529463339,1.1609617253401237e-6,-0.002723895293899048
2.525,0.0026163240188784684,1.156752738931862e-6,-0.002616324015809468
2.535,0.0025116832428829145,1.1518790622757702e-6,-0.002511683243289209
2.545,0.0024098551636467826,1.146419598336855e-6,-0.002409855161997765
2.555,0.002310725440177226,1.1404345296355563e-6,-0.002310725437528749
2.565,0.002214183075626817,1.1339911000779245e-6,-0.0022141830722810507
2.575,0.00212012027164946,1.127157912093166e-6,-0.0021201202680476428
2.585,0.002028432294778031,1.120007114588509e-6,-0.0020284322928032505
2.595,0.0019390173505674526,1.1126206448922512e-6,-0.0019390173498423646
2.605,0.0018517764550170918,1.1050908396530748e-6,-0.0018517764516712276
2.615,0.001766613301940392,1.097514408541926e-6,-0.0017666132988503058
2.625,0.0016834341580473857,1.0900107973041312e-6,-0.0016834341586213775
2.6350000000000002,0.0016021477452653502,1.0827267750052711e-6,-0.0016021477444150278
2.645,0.0015226650961013264,1.0758134892624068e-6,-0.0015226650946809084
2.6550000000000002,0.0014448994527376277,1.0694445653654323e-6,-0.0014448994487692435
2.665,0.0013687661216867954,1.0637890542695252e-6,-0.0013687661194183853
2.6750000000000003,0.0012941823563310281,1.059008866706377e-6,-0.0012941823533929586
2.685,0.0012210671762976565,1.0551896282215598e-6,-0.001221067176296886
2.695,0.001149341213928519,1.0522883209185008e-6,-0.0011493412122542956
2.705,0.0010789264810184252,1.049986103207238e-6,-0.001078926478823572
2.715,0.0010097461416419054,1.0475171062412694e-6,-0.001009746139939427
2.725,0.0009417242052523444,1.043370726716099e-6,-0.0009417242027653927
2.735,0.0008747851511090777,1.0348489506024904e-6,-0.0008747851483348335
2.745,0.000808853487973269,1.0174386162170934e-6,-0.0008088534845374085
2.755,0.0007438532172849761,9.839045161668444e-7,-0.0007438532137271636
2.765,0.0006797072160333664,9.230293980962309e-7,-0.0006797072138819971
2.775,0.0006163365498839654,8.178862085264707e-7,-0.000616336548359131
2.785,0.0005536597603856528,6.435147829100748e-7,-0.0005536597584787639
2.795,0.0004915922425103493,3.638884892939974e-7,-0.0004915922410186901
2.805,0.0004300458978966382,-7.194518551019497e-8,-0.00043004589607709143
2.815,0.0003689293696772218,-7.346272148985335e-7,-0.0003689293657949122
2.825,0.00030814938724602303,-1.7200968965487272e-6,-0.00030814938576817497
2.835,0.0002476140622810318,-3.1557637861048174e-6,-0.0002476140580598418
2.845,0.00018723928996278603,-5.20669857733073e-6,-0.00018723928900010733
2.855,0.00012696023432251364,-8.08047518069495e-6,-0.00012696023239278098
2.865,6.675042207551364e-5,-1.2028614475772442e-5,-6.675042016568433e-5
2.875,6.652401274317625e-6,-1.7340807068218307e-5,-6.652401421947118e-6
2.8850000000000002,-5.3174767778596704e-5,-2.432605898259342e-5,5.317476844235447e-5
2.895,-0.00011238388087586018,-3.327155718713047e-5,0.00011238388210099703
2.9050000000000002,-0.00017033397625325797,-4.436529671915971e-5,0.0001703339756697897
2.915,-0.0002259379374451671,-5.756193956877831e-5,0.00022593794014480473
2.9250000000000003,-0.0002774470252055563,-7.236223691589315e-5,0.00027744702559118206
2.935,-0.00032215213308966123,-8.746382620949914e-5,0.0003221521333479638
2.945,-0.00035597823265210706,-0.00010022509130361851,0.00035597823367317094
2.955,-0.000372945806776007,-0.00010586251335801766,0.00037294580588542736
2.965,-0.0003644734399176785,-9.627579282874758e-5,0.00036447344042400687
2.975,-0.0003185013109339681,-5.8363520010058183e-5,0.0003185013120943214
2.985,-0.00021843032622064783,2.83437077591478e-5,0.00021843032761370562
2.995,-4.190287103127816e-5,0.00019494303205656814,4.190287098082557e-5
